solid OpenSCAD_Model
  facet normal 0.0376162 -0.709745 0.703453
    outer loop
      vertex 54.9094 -13.7032 105
      vertex 25.0868 -119.343 0.00999928
      vertex 61.2887 -13.3651 105
    endloop
  endfacet
  facet normal 0.816017 0.578027 0
    outer loop
      vertex 228.254 37.082 0.00999928
      vertex 224.059 43.0042 0
      vertex 224.059 43.0042 0.00999928
    endloop
  endfacet
  facet normal 0.816017 0.578027 0
    outer loop
      vertex 224.059 43.0042 0
      vertex 228.254 37.082 0.00999928
      vertex 228.254 37.082 0
    endloop
  endfacet
  facet normal 0.262023 0.965062 -0
    outer loop
      vertex 120 103.923 0
      vertex 108.958 106.921 0.00999928
      vertex 120 103.923 0.00999928
    endloop
  endfacet
  facet normal 0.262023 0.965062 0
    outer loop
      vertex 108.958 106.921 0.00999928
      vertex 120 103.923 0
      vertex 108.958 106.921 0
    endloop
  endfacet
  facet normal 0.270873 0.706063 0.654296
    outer loop
      vertex 141.068 97.082 0.00999928
      vertex 130.4 3.88229 105
      vertex 151.037 93.2575 0.00999928
    endloop
  endfacet
  facet normal 0.231922 0.972734 -0
    outer loop
      vertex 108.958 106.921 0
      vertex 97.6168 109.625 0.00999928
      vertex 108.958 106.921 0.00999928
    endloop
  endfacet
  facet normal 0.231922 0.972734 0
    outer loop
      vertex 97.6168 109.625 0.00999928
      vertex 108.958 106.921 0
      vertex 97.6168 109.625 0
    endloop
  endfacet
  facet normal 0.484971 -0.574298 0.659534
    outer loop
      vertex 134.26 -1.56793 105
      vertex 133.338 -2.34652 105
      vertex 207.846 -60 0.00999928
    endloop
  endfacet
  facet normal 0.24492 0.712802 0.657211
    outer loop
      vertex 130.713 100.64 0.00999928
      vertex 128.393 4.63525 105
      vertex 141.068 97.082 0.00999928
    endloop
  endfacet
  facet normal 0.475986 -0.583353 0.658131
    outer loop
      vertex 207.846 -60 0.00999928
      vertex 133.338 -2.34652 105
      vertex 201.281 -65.3567 0.00999928
    endloop
  endfacet
  facet normal 0.127732 -0.721452 0.680582
    outer loop
      vertex 113.221 -8.16959 105
      vertex 74.1641 -114.127 0.00999928
      vertex 86.0083 -112.03 0.00999928
    endloop
  endfacet
  facet normal 0.293001 0.956112 -0
    outer loop
      vertex 130.713 100.64 0
      vertex 120 103.923 0.00999928
      vertex 130.713 100.64 0.00999928
    endloop
  endfacet
  facet normal 0.293001 0.956112 0
    outer loop
      vertex 120 103.923 0.00999928
      vertex 130.713 100.64 0
      vertex 120 103.923 0
    endloop
  endfacet
  facet normal 0.632201 -0.774805 0
    outer loop
      vertex 201.281 -65.3567 0
      vertex 207.846 -60 0.00999928
      vertex 201.281 -65.3567 0.00999928
    endloop
  endfacet
  facet normal 0.632201 -0.774805 0
    outer loop
      vertex 207.846 -60 0.00999928
      vertex 201.281 -65.3567 0
      vertex 207.846 -60 0
    endloop
  endfacet
  facet normal 0.672174 -0.249194 0.697197
    outer loop
      vertex 200.954 -12.422 37.0755
      vertex 134.815 -0.785039 105
      vertex 204.414 -17.6133 31.8842
    endloop
  endfacet
  facet normal 0.224783 0.716616 0.660253
    outer loop
      vertex 130.713 100.64 0.00999928
      vertex 126.033 5.37552 105
      vertex 128.393 4.63525 105
    endloop
  endfacet
  facet normal 0.14966 -0.722382 0.675104
    outer loop
      vertex 120.286 -6.80986 105
      vertex 86.0083 -112.03 0.00999928
      vertex 97.6168 -109.625 0.00999928
    endloop
  endfacet
  facet normal 0.0428608 0.710492 0.702399
    outer loop
      vertex 67.5 12.9904 105
      vertex 25.0868 119.343 0.00999928
      vertex 61.2887 13.3651 105
    endloop
  endfacet
  facet normal 0.444702 -0.611288 0.65465
    outer loop
      vertex 201.281 -65.3567 0.00999928
      vertex 133.338 -2.34652 105
      vertex 194.164 -70.5342 0.00999928
    endloop
  endfacet
  facet normal 0.0233149 -0.708194 0.705633
    outer loop
      vertex 34.9406 -14.4889 105
      vertex 12.5606 -119.836 0.00999928
      vertex 41.7173 -14.2658 105
    endloop
  endfacet
  facet normal 0.688847 0.181459 0.701828
    outer loop
      vertex 200.954 12.422 37.0755
      vertex 134.815 0.785039 105
      vertex 197.526 7.88403 41.6134
    endloop
  endfacet
  facet normal 0.354137 0.672123 0.65026
    outer loop
      vertex 169.706 84.8528 0.00999928
      vertex 132.05 3.11868 105
      vertex 178.355 80.2957 0.00999928
    endloop
  endfacet
  facet normal 0.0188778 0.707789 0.706172
    outer loop
      vertex 34.9406 14.4889 105
      vertex 12.5606 119.836 0.00999928
      vertex 28.0681 14.6722 105
    endloop
  endfacet
  facet normal 0.130863 0.721557 0.679875
    outer loop
      vertex 116.913 7.5 105
      vertex 86.0083 112.03 0.00999928
      vertex 113.221 8.16959 105
    endloop
  endfacet
  facet normal 0.392742 0.919649 -0
    outer loop
      vertex 160.591 89.1774 0
      vertex 151.037 93.2575 0.00999928
      vertex 160.591 89.1774 0.00999928
    endloop
  endfacet
  facet normal 0.392742 0.919649 0
    outer loop
      vertex 151.037 93.2575 0.00999928
      vertex 160.591 89.1774 0
      vertex 151.037 93.2575 0
    endloop
  endfacet
  facet normal 0.700544 -0.110365 0.705024
    outer loop
      vertex 193.855 -3.5313 45.9662
      vertex 135 0 105
      vertex 197.25 -7.53074 41.9667
    endloop
  endfacet
  facet normal 0.505235 0.862982 -0
    outer loop
      vertex 186.515 75.5184 0
      vertex 178.355 80.2957 0.00999928
      vertex 186.515 75.5184 0.00999928
    endloop
  endfacet
  facet normal 0.505235 0.862982 0
    outer loop
      vertex 178.355 80.2957 0.00999928
      vertex 186.515 75.5184 0
      vertex 178.355 80.2957 0
    endloop
  endfacet
  facet normal 0.325465 0.685985 0.650767
    outer loop
      vertex 160.591 89.1774 0.00999928
      vertex 132.05 3.11868 105
      vertex 169.706 84.8528 0.00999928
    endloop
  endfacet
  facet normal 0.677374 0.735639 -0
    outer loop
      vertex 213.842 54.4789 0
      vertex 207.846 60 0.00999928
      vertex 213.842 54.4789 0.00999928
    endloop
  endfacet
  facet normal 0.677374 0.735639 0
    outer loop
      vertex 207.846 60 0.00999928
      vertex 213.842 54.4789 0
      vertex 207.846 60 0
    endloop
  endfacet
  facet normal 0.588283 -0.808655 0
    outer loop
      vertex 194.164 -70.5342 0
      vertex 201.281 -65.3567 0.00999928
      vertex 194.164 -70.5342 0.00999928
    endloop
  endfacet
  facet normal 0.588283 -0.808655 0
    outer loop
      vertex 201.281 -65.3567 0.00999928
      vertex 194.164 -70.5342 0
      vertex 201.281 -65.3567 0
    endloop
  endfacet
  facet normal 0.0543807 -0.712121 0.699947
    outer loop
      vertex 73.5263 -12.5801 105
      vertex 37.5443 -118.523 0.00999928
      vertex 79.351 -12.1353 105
    endloop
  endfacet
  facet normal 0.706589 -0.0369472 0.706659
    outer loop
      vertex 190.508 0 49.4975
      vertex 135 0 105
      vertex 193.855 -3.5313 45.9662
    endloop
  endfacet
  facet normal 0.00618276 -0.707198 0.706988
    outer loop
      vertex 0.25 -116.284 3.72496
      vertex 14.1113 -14.9178 105
      vertex 7.06535 -14.9794 105
    endloop
  endfacet
  facet normal 0.00724221 -0.707266 0.706911
    outer loop
      vertex 14.1113 -14.9178 105
      vertex 0.25 -116.284 3.72496
      vertex 0.25 -118.138 1.87003
    endloop
  endfacet
  facet normal 0.354137 -0.672123 0.65026
    outer loop
      vertex 178.355 -80.2957 0.00999928
      vertex 132.05 -3.11868 105
      vertex 169.706 -84.8528 0.00999928
    endloop
  endfacet
  facet normal 0.0107643 -0.70746 0.706671
    outer loop
      vertex 14.1113 -14.9178 105
      vertex 3.74118 -107.007 12.9659
      vertex 4 -106.969 13
    endloop
  endfacet
  facet normal 0.00627554 -0.707235 0.706951
    outer loop
      vertex 14.1113 -14.9178 105
      vertex 3.5 -107.109 12.866
      vertex 3.74118 -107.007 12.9659
    endloop
  endfacet
  facet normal 0.0112464 -0.70749 0.706634
    outer loop
      vertex 14.1113 -14.9178 105
      vertex 3.29289 -107.271 12.7071
      vertex 3.5 -107.109 12.866
    endloop
  endfacet
  facet normal 0.00927127 -0.707389 0.706764
    outer loop
      vertex 14.1113 -14.9178 105
      vertex 3.13397 -107.48 12.5
      vertex 3.29289 -107.271 12.7071
    endloop
  endfacet
  facet normal 0.00632862 -0.70723 0.706955
    outer loop
      vertex 14.1113 -14.9178 105
      vertex 3.03407 -107.722 12.2588
      vertex 3.13397 -107.48 12.5
    endloop
  endfacet
  facet normal 0.00924696 -0.707388 0.706765
    outer loop
      vertex 0.25 -118.138 1.87003
      vertex 3.03407 -107.722 12.2588
      vertex 14.1113 -14.9178 105
    endloop
  endfacet
  facet normal 0.0110334 -0.707739 0.706388
    outer loop
      vertex 3.74118 -108.937 11.0341
      vertex 0.25 -118.138 1.87003
      vertex 4 -108.967 11
    endloop
  endfacet
  facet normal 0.00836473 -0.70725 0.706914
    outer loop
      vertex 3.5 -108.84 11.134
      vertex 0.25 -118.138 1.87003
      vertex 3.74118 -108.937 11.0341
    endloop
  endfacet
  facet normal 0.00937565 -0.707421 0.70673
    outer loop
      vertex 3.29289 -108.684 11.2929
      vertex 0.25 -118.138 1.87003
      vertex 3.5 -108.84 11.134
    endloop
  endfacet
  facet normal 0.00872156 -0.70732 0.70684
    outer loop
      vertex 3.13397 -108.479 11.5
      vertex 0.25 -118.138 1.87003
      vertex 3.29289 -108.684 11.2929
    endloop
  endfacet
  facet normal 0.00791742 -0.707204 0.706965
    outer loop
      vertex 3.03407 -108.239 11.7412
      vertex 0.25 -118.138 1.87003
      vertex 3.13397 -108.479 11.5
    endloop
  endfacet
  facet normal 0.0101083 -0.707499 0.706642
    outer loop
      vertex 3 -107.981 12
      vertex 0.25 -118.138 1.87003
      vertex 3.03407 -108.239 11.7412
    endloop
  endfacet
  facet normal 0.00959018 -0.707432 0.706716
    outer loop
      vertex 3.03407 -107.722 12.2588
      vertex 0.25 -118.138 1.87003
      vertex 3 -107.981 12
    endloop
  endfacet
  facet normal 0.0084024 -0.707347 0.706817
    outer loop
      vertex 4.25882 -107 12.9659
      vertex 14.1113 -14.9178 105
      vertex 4 -106.969 13
    endloop
  endfacet
  facet normal 0.0111011 -0.707472 0.706654
    outer loop
      vertex 4.5 -107.096 12.866
      vertex 14.1113 -14.9178 105
      vertex 4.25882 -107 12.9659
    endloop
  endfacet
  facet normal 0.00941218 -0.707397 0.706754
    outer loop
      vertex 4.70711 -107.252 12.7071
      vertex 14.1113 -14.9178 105
      vertex 4.5 -107.096 12.866
    endloop
  endfacet
  facet normal 0.00861614 -0.707361 0.7068
    outer loop
      vertex 4.86602 -107.457 12.5
      vertex 14.1113 -14.9178 105
      vertex 4.70711 -107.252 12.7071
    endloop
  endfacet
  facet normal 0.013683 -0.705962 0.708118
    outer loop
      vertex 12.5606 -119.836 0.00999928
      vertex 4.86602 -107.457 12.5
      vertex 4.96593 -107.697 12.2588
    endloop
  endfacet
  facet normal 0.00850928 -0.707615 0.706547
    outer loop
      vertex 12.5606 -119.836 0.00999928
      vertex 4.96593 -107.697 12.2588
      vertex 5 -107.955 12
    endloop
  endfacet
  facet normal 0.00793378 -0.707125 0.707044
    outer loop
      vertex 0.25 -118.138 1.87003
      vertex 4.25882 -108.93 11.0341
      vertex 4 -108.967 11
    endloop
  endfacet
  facet normal 0.00921403 -0.707396 0.706757
    outer loop
      vertex 12.5606 -119.836 0.00999928
      vertex 4.25882 -108.93 11.0341
      vertex 0.25 -118.138 1.87003
    endloop
  endfacet
  facet normal 0.00932279 -0.707355 0.706797
    outer loop
      vertex 4.25882 -108.93 11.0341
      vertex 12.5606 -119.836 0.00999928
      vertex 4.5 -108.827 11.134
    endloop
  endfacet
  facet normal 0.0104046 -0.706953 0.707184
    outer loop
      vertex 4.5 -108.827 11.134
      vertex 12.5606 -119.836 0.00999928
      vertex 4.70711 -108.665 11.2929
    endloop
  endfacet
  facet normal 0.00924982 -0.707272 0.706881
    outer loop
      vertex 12.5606 -119.836 0.00999928
      vertex 0.25 -118.138 1.87003
      vertex 0.25 -119.997 0.00999928
    endloop
  endfacet
  facet normal 0.00922887 -0.707372 0.706781
    outer loop
      vertex 4.70711 -108.665 11.2929
      vertex 12.5606 -119.836 0.00999928
      vertex 4.86602 -108.456 11.5
    endloop
  endfacet
  facet normal 0.00919884 -0.707387 0.706767
    outer loop
      vertex 4.86602 -107.457 12.5
      vertex 12.5606 -119.836 0.00999928
      vertex 14.1113 -14.9178 105
    endloop
  endfacet
  facet normal 0.00915441 -0.707406 0.706748
    outer loop
      vertex 4.96593 -108.214 11.7412
      vertex 12.5606 -119.836 0.00999928
      vertex 5 -107.955 12
    endloop
  endfacet
  facet normal 0.00841581 -0.707651 0.706512
    outer loop
      vertex 4.86602 -108.456 11.5
      vertex 12.5606 -119.836 0.00999928
      vertex 4.96593 -108.214 11.7412
    endloop
  endfacet
  facet normal 0.0656817 -0.997841 0
    outer loop
      vertex 25.0868 -119.343 0
      vertex 37.5443 -118.523 0.00999928
      vertex 25.0868 -119.343 0.00999928
    endloop
  endfacet
  facet normal 0.0656817 -0.997841 0
    outer loop
      vertex 37.5443 -118.523 0.00999928
      vertex 25.0868 -119.343 0
      vertex 37.5443 -118.523 0
    endloop
  endfacet
  facet normal 0.172185 -0.722182 0.669929
    outer loop
      vertex 123.329 -6.10105 105
      vertex 97.6168 -109.625 0.00999928
      vertex 108.958 -106.921 0.00999928
    endloop
  endfacet
  facet normal 0.104162 0.719232 0.686918
    outer loop
      vertex 109.217 8.81678 105
      vertex 62.1166 115.911 0.00999928
      vertex 104.915 9.43981 105
    endloop
  endfacet
  facet normal 0.265423 0.707479 0.654999
    outer loop
      vertex 141.068 97.082 0.00999928
      vertex 128.393 4.63525 105
      vertex 130.4 3.88229 105
    endloop
  endfacet
  facet normal 0.106555 -0.719573 0.686193
    outer loop
      vertex 109.217 -8.81678 105
      vertex 62.1166 -115.911 0.00999928
      vertex 74.1641 -114.127 0.00999928
    endloop
  endfacet
  facet normal 0.0656817 0.997841 -0
    outer loop
      vertex 37.5443 118.523 0
      vertex 25.0868 119.343 0.00999928
      vertex 37.5443 118.523 0.00999928
    endloop
  endfacet
  facet normal 0.0656817 0.997841 0
    outer loop
      vertex 25.0868 119.343 0.00999928
      vertex 37.5443 118.523 0
      vertex 25.0868 119.343 0
    endloop
  endfacet
  facet normal 0.0103472 -0.707387 0.706751
    outer loop
      vertex 14.1113 -14.9178 105
      vertex 12.5606 -119.836 0.00999928
      vertex 21.1187 -14.8153 105
    endloop
  endfacet
  facet normal 0.413835 0.635091 0.652227
    outer loop
      vertex 186.515 75.5184 0.00999928
      vertex 133.338 2.34652 105
      vertex 194.164 70.5342 0.00999928
    endloop
  endfacet
  facet normal 0.42865 0.90347 -0
    outer loop
      vertex 169.706 84.8528 0
      vertex 160.591 89.1774 0.00999928
      vertex 169.706 84.8528 0.00999928
    endloop
  endfacet
  facet normal 0.42865 0.90347 0
    outer loop
      vertex 160.591 89.1774 0.00999928
      vertex 169.706 84.8528 0
      vertex 160.591 89.1774 0
    endloop
  endfacet
  facet normal 0.270873 -0.706063 0.654296
    outer loop
      vertex 151.037 -93.2575 0.00999928
      vertex 130.4 -3.88229 105
      vertex 141.068 -97.082 0.00999928
    endloop
  endfacet
  facet normal 0.588283 0.808655 -0
    outer loop
      vertex 201.281 65.3567 0
      vertex 194.164 70.5342 0.00999928
      vertex 201.281 65.3567 0.00999928
    endloop
  endfacet
  facet normal 0.588283 0.808655 0
    outer loop
      vertex 194.164 70.5342 0.00999928
      vertex 201.281 65.3567 0
      vertex 194.164 70.5342 0
    endloop
  endfacet
  facet normal 0.413835 -0.635091 0.652227
    outer loop
      vertex 194.164 -70.5342 0.00999928
      vertex 133.338 -2.34652 105
      vertex 186.515 -75.5184 0.00999928
    endloop
  endfacet
  facet normal 0.297761 0.69724 0.65207
    outer loop
      vertex 151.037 93.2575 0.00999928
      vertex 130.4 3.88229 105
      vertex 160.591 89.1774 0.00999928
    endloop
  endfacet
  facet normal 0.318741 0.688733 0.651192
    outer loop
      vertex 160.591 89.1774 0.00999928
      vertex 130.4 3.88229 105
      vertex 132.05 3.11868 105
    endloop
  endfacet
  facet normal 0.0428608 -0.710492 0.702399
    outer loop
      vertex 61.2887 -13.3651 105
      vertex 25.0868 -119.343 0.00999928
      vertex 67.5 -12.9904 105
    endloop
  endfacet
  facet normal 0.0661791 0.714069 0.69694
    outer loop
      vertex 49.8988 117.378 0.00999928
      vertex 37.5443 118.523 0.00999928
      vertex 84.9583 11.6572 105
    endloop
  endfacet
  facet normal 0.324955 0.94573 -0
    outer loop
      vertex 141.068 97.082 0
      vertex 130.713 100.64 0.00999928
      vertex 141.068 97.082 0.00999928
    endloop
  endfacet
  facet normal 0.324955 0.94573 0
    outer loop
      vertex 130.713 100.64 0.00999928
      vertex 141.068 97.082 0
      vertex 130.713 100.64 0
    endloop
  endfacet
  facet normal 0.816017 -0.578027 0
    outer loop
      vertex 224.059 -43.0042 0.00999928
      vertex 228.254 -37.082 0
      vertex 228.254 -37.082 0.00999928
    endloop
  endfacet
  facet normal 0.816017 -0.578027 0
    outer loop
      vertex 228.254 -37.082 0
      vertex 224.059 -43.0042 0.00999928
      vertex 224.059 -43.0042 0
    endloop
  endfacet
  facet normal 0.168223 0.722199 0.670917
    outer loop
      vertex 123.329 6.10105 105
      vertex 97.6168 109.625 0.00999928
      vertex 120.286 6.80986 105
    endloop
  endfacet
  facet normal 0.0677801 -0.714256 0.696594
    outer loop
      vertex 84.9583 -11.6572 105
      vertex 49.8988 -117.378 0.00999928
      vertex 90.3326 -11.1472 105
    endloop
  endfacet
  facet normal 0.146483 -0.989213 0
    outer loop
      vertex 62.1166 -115.911 0
      vertex 74.1641 -114.127 0.00999928
      vertex 62.1166 -115.911 0.00999928
    endloop
  endfacet
  facet normal 0.146483 -0.989213 0
    outer loop
      vertex 74.1641 -114.127 0.00999928
      vertex 62.1166 -115.911 0
      vertex 74.1641 -114.127 0
    endloop
  endfacet
  facet normal 0.0145691 -0.707522 0.706541
    outer loop
      vertex 21.1187 -14.8153 105
      vertex 12.5606 -119.836 0.00999928
      vertex 28.0681 -14.6722 105
    endloop
  endfacet
  facet normal 0.046811 -0.711155 0.701475
    outer loop
      vertex 67.5 -12.9904 105
      vertex 25.0868 -119.343 0.00999928
      vertex 37.5443 -118.523 0.00999928
    endloop
  endfacet
  facet normal 0.0922833 -0.995733 0
    outer loop
      vertex 37.5443 -118.523 0
      vertex 49.8988 -117.378 0.00999928
      vertex 37.5443 -118.523 0.00999928
    endloop
  endfacet
  facet normal 0.0922833 -0.995733 0
    outer loop
      vertex 49.8988 -117.378 0.00999928
      vertex 37.5443 -118.523 0
      vertex 49.8988 -117.378 0
    endloop
  endfacet
  facet normal 0.688847 -0.181459 0.701828
    outer loop
      vertex 197.526 -7.88403 41.6134
      vertex 134.815 -0.785039 105
      vertex 200.954 -12.422 37.0755
    endloop
  endfacet
  facet normal 0.466146 0.884708 -0
    outer loop
      vertex 178.355 80.2957 0
      vertex 169.706 84.8528 0.00999928
      vertex 178.355 80.2957 0.00999928
    endloop
  endfacet
  facet normal 0.466146 0.884708 0
    outer loop
      vertex 169.706 84.8528 0.00999928
      vertex 178.355 80.2957 0
      vertex 169.706 84.8528 0
    endloop
  endfacet
  facet normal 0.475986 0.583353 0.658131
    outer loop
      vertex 201.281 65.3567 0.00999928
      vertex 133.338 2.34652 105
      vertex 207.846 60 0.00999928
    endloop
  endfacet
  facet normal 0.0838939 -0.716633 0.692386
    outer loop
      vertex 95.4594 -10.6066 105
      vertex 49.8988 -117.378 0.00999928
      vertex 100.325 -10.037 105
    endloop
  endfacet
  facet normal 0.0838939 0.716633 0.692386
    outer loop
      vertex 100.325 10.037 105
      vertex 49.8988 117.378 0.00999928
      vertex 95.4594 10.6066 105
    endloop
  endfacet
  facet normal 0.075427 0.715315 0.69472
    outer loop
      vertex 95.4594 10.6066 105
      vertex 49.8988 117.378 0.00999928
      vertex 90.3326 11.1472 105
    endloop
  endfacet
  facet normal 0.770099 0.637924 0
    outer loop
      vertex 224.059 43.0042 0.00999928
      vertex 219.251 48.8084 0
      vertex 219.251 48.8084 0.00999928
    endloop
  endfacet
  facet normal 0.770099 0.637924 0
    outer loop
      vertex 219.251 48.8084 0
      vertex 224.059 43.0042 0.00999928
      vertex 224.059 43.0042 0
    endloop
  endfacet
  facet normal 0.358185 0.933651 -0
    outer loop
      vertex 151.037 93.2575 0
      vertex 141.068 97.082 0.00999928
      vertex 151.037 93.2575 0.00999928
    endloop
  endfacet
  facet normal 0.358185 0.933651 0
    outer loop
      vertex 141.068 97.082 0.00999928
      vertex 151.037 93.2575 0
      vertex 141.068 97.082 0
    endloop
  endfacet
  facet normal 0.383593 0.655206 0.650816
    outer loop
      vertex 178.355 80.2957 0.00999928
      vertex 132.05 3.11868 105
      vertex 186.515 75.5184 0.00999928
    endloop
  endfacet
  facet normal 0.692316 0.162274 0.703111
    outer loop
      vertex 134.815 0.785039 105
      vertex 197.25 7.53074 41.9667
      vertex 197.526 7.88403 41.6134
    endloop
  endfacet
  facet normal 0.692172 0.163115 0.703058
    outer loop
      vertex 197.25 7.53074 41.9667
      vertex 134.815 0.785039 105
      vertex 135 0 105
    endloop
  endfacet
  facet normal 0.723595 -0.690225 0
    outer loop
      vertex 213.842 -54.4789 0.00999928
      vertex 219.251 -48.8084 0
      vertex 219.251 -48.8084 0.00999928
    endloop
  endfacet
  facet normal 0.723595 -0.690225 0
    outer loop
      vertex 219.251 -48.8084 0
      vertex 213.842 -54.4789 0.00999928
      vertex 213.842 -54.4789 0
    endloop
  endfacet
  facet normal 0.632201 0.774805 -0
    outer loop
      vertex 207.846 60 0
      vertex 201.281 65.3567 0.00999928
      vertex 207.846 60 0.00999928
    endloop
  endfacet
  facet normal 0.632201 0.774805 0
    outer loop
      vertex 201.281 65.3567 0.00999928
      vertex 207.846 60 0
      vertex 201.281 65.3567 0
    endloop
  endfacet
  facet normal 0.00618276 0.707198 0.706988
    outer loop
      vertex 14.1113 14.9178 105
      vertex 0.25 116.284 3.72496
      vertex 7.06535 14.9794 105
    endloop
  endfacet
  facet normal 0.00724221 0.707266 0.706911
    outer loop
      vertex 0.25 116.284 3.72496
      vertex 14.1113 14.9178 105
      vertex 0.25 118.138 1.87003
    endloop
  endfacet
  facet normal 0.545939 0.837825 -0
    outer loop
      vertex 194.164 70.5342 0
      vertex 186.515 75.5184 0.00999928
      vertex 194.164 70.5342 0.00999928
    endloop
  endfacet
  facet normal 0.545939 0.837825 0
    outer loop
      vertex 186.515 75.5184 0.00999928
      vertex 194.164 70.5342 0
      vertex 186.515 75.5184 0
    endloop
  endfacet
  facet normal 0.14966 0.722382 0.675104
    outer loop
      vertex 97.6168 109.625 0.00999928
      vertex 86.0083 112.03 0.00999928
      vertex 120.286 6.80986 105
    endloop
  endfacet
  facet normal 0.598717 0.424102 0.679466
    outer loop
      vertex 224.059 43.0042 0.00999928
      vertex 134.815 0.785039 105
      vertex 228.254 37.082 0.00999928
    endloop
  endfacet
  facet normal 0.626354 0.370885 0.685657
    outer loop
      vertex 228.254 37.082 0.00999928
      vertex 227.521 34.952 1.83176
      vertex 229.487 34.9997 0.00999928
    endloop
  endfacet
  facet normal 0.62626 0.370957 0.685703
    outer loop
      vertex 228.254 37.082 0.00999928
      vertex 225.606 34.8083 3.65849
      vertex 227.521 34.952 1.83176
    endloop
  endfacet
  facet normal 0.626422 0.37073 0.685679
    outer loop
      vertex 228.254 37.082 0.00999928
      vertex 223.759 34.5691 5.4752
      vertex 225.606 34.8083 3.65849
    endloop
  endfacet
  facet normal 0.626163 0.371178 0.685672
    outer loop
      vertex 228.254 37.082 0.00999928
      vertex 221.984 34.2352 7.2769
      vertex 223.759 34.5691 5.4752
    endloop
  endfacet
  facet normal 0.62662 0.370309 0.685726
    outer loop
      vertex 228.254 37.082 0.00999928
      vertex 220.287 33.8074 9.05865
      vertex 221.984 34.2352 7.2769
    endloop
  endfacet
  facet normal 0.626909 0.369732 0.685772
    outer loop
      vertex 228.254 37.082 0.00999928
      vertex 218.672 33.287 10.8156
      vertex 220.287 33.8074 9.05865
    endloop
  endfacet
  facet normal 0.626134 0.371352 0.685604
    outer loop
      vertex 208.476 24.7487 24.7487
      vertex 134.815 0.785039 105
      vertex 207.895 23.5913 25.9062
    endloop
  endfacet
  facet normal 0.626339 0.370906 0.685659
    outer loop
      vertex 209.184 26.0101 23.4196
      vertex 134.815 0.785039 105
      vertex 208.476 24.7487 24.7487
    endloop
  endfacet
  facet normal 0.626438 0.370694 0.685683
    outer loop
      vertex 210.005 27.2001 22.0262
      vertex 134.815 0.785039 105
      vertex 209.184 26.0101 23.4196
    endloop
  endfacet
  facet normal 0.626052 0.37151 0.685594
    outer loop
      vertex 210.935 28.3156 20.5725
      vertex 134.815 0.785039 105
      vertex 210.005 27.2001 22.0262
    endloop
  endfacet
  facet normal 0.62656 0.370448 0.685705
    outer loop
      vertex 211.974 29.3535 19.0624
      vertex 134.815 0.785039 105
      vertex 210.935 28.3156 20.5725
    endloop
  endfacet
  facet normal 0.626114 0.371373 0.685612
    outer loop
      vertex 213.117 30.3109 17.5
      vertex 134.815 0.785039 105
      vertex 211.974 29.3535 19.0624
    endloop
  endfacet
  facet normal 0.626298 0.370993 0.685649
    outer loop
      vertex 214.362 31.1852 15.8897
      vertex 134.815 0.785039 105
      vertex 213.117 30.3109 17.5
    endloop
  endfacet
  facet normal 0.625961 0.371683 0.685583
    outer loop
      vertex 215.705 31.9741 14.2358
      vertex 134.815 0.785039 105
      vertex 214.362 31.1852 15.8897
    endloop
  endfacet
  facet normal 0.626381 0.370827 0.685663
    outer loop
      vertex 217.143 32.6753 12.5429
      vertex 134.815 0.785039 105
      vertex 215.705 31.9741 14.2358
    endloop
  endfacet
  facet normal 0.63175 0.359767 0.686629
    outer loop
      vertex 218.672 33.287 10.8156
      vertex 134.815 0.785039 105
      vertex 217.143 32.6753 12.5429
    endloop
  endfacet
  facet normal 0.627754 0.368021 0.68592
    outer loop
      vertex 134.815 0.785039 105
      vertex 218.672 33.287 10.8156
      vertex 228.254 37.082 0.00999928
    endloop
  endfacet
  facet normal 0.860432 0.509564 0
    outer loop
      vertex 228.254 37.082 0.00999928
      vertex 229.487 35 0
      vertex 228.254 37.082 0
    endloop
  endfacet
  facet normal 0.860364 0.509451 0.0152846
    outer loop
      vertex 229.487 35 0
      vertex 228.254 37.082 0.00999928
      vertex 229.487 34.9997 0.00999928
    endloop
  endfacet
  facet normal 0.0393271 -0.999226 0
    outer loop
      vertex 12.5606 -119.836 0
      vertex 25.0868 -119.343 0.00999928
      vertex 12.5606 -119.836 0.00999928
    endloop
  endfacet
  facet normal 0.0393271 -0.999226 0
    outer loop
      vertex 25.0868 -119.343 0.00999928
      vertex 12.5606 -119.836 0
      vertex 25.0868 -119.343 0
    endloop
  endfacet
  facet normal 0.231922 -0.972734 0
    outer loop
      vertex 97.6168 -109.625 0
      vertex 108.958 -106.921 0.00999928
      vertex 97.6168 -109.625 0.00999928
    endloop
  endfacet
  facet normal 0.231922 -0.972734 0
    outer loop
      vertex 108.958 -106.921 0.00999928
      vertex 97.6168 -109.625 0
      vertex 108.958 -106.921 0
    endloop
  endfacet
  facet normal 0.392742 -0.919649 0
    outer loop
      vertex 151.037 -93.2575 0
      vertex 160.591 -89.1774 0.00999928
      vertex 151.037 -93.2575 0.00999928
    endloop
  endfacet
  facet normal 0.392742 -0.919649 0
    outer loop
      vertex 160.591 -89.1774 0.00999928
      vertex 151.037 -93.2575 0
      vertex 160.591 -89.1774 0
    endloop
  endfacet
  facet normal 0.692172 -0.163115 0.703058
    outer loop
      vertex 134.815 -0.785039 105
      vertex 197.25 -7.53074 41.9667
      vertex 135 0 105
    endloop
  endfacet
  facet normal 0.692316 -0.162274 0.703111
    outer loop
      vertex 197.25 -7.53074 41.9667
      vertex 134.815 -0.785039 105
      vertex 197.526 -7.88403 41.6134
    endloop
  endfacet
  facet normal 0.0860925 0.717015 0.691721
    outer loop
      vertex 62.1166 115.911 0.00999928
      vertex 49.8988 117.378 0.00999928
      vertex 100.325 10.037 105
    endloop
  endfacet
  facet normal 0.168223 -0.722199 0.670917
    outer loop
      vertex 120.286 -6.80986 105
      vertex 97.6168 -109.625 0.00999928
      vertex 123.329 -6.10105 105
    endloop
  endfacet
  facet normal 0.046811 0.711155 0.701475
    outer loop
      vertex 37.5443 118.523 0.00999928
      vertex 25.0868 119.343 0.00999928
      vertex 67.5 12.9904 105
    endloop
  endfacet
  facet normal 0.505235 -0.862982 0
    outer loop
      vertex 178.355 -80.2957 0
      vertex 186.515 -75.5184 0.00999928
      vertex 178.355 -80.2957 0.00999928
    endloop
  endfacet
  facet normal 0.505235 -0.862982 0
    outer loop
      vertex 186.515 -75.5184 0.00999928
      vertex 178.355 -80.2957 0
      vertex 186.515 -75.5184 0
    endloop
  endfacet
  facet normal 0.127732 0.721452 0.680582
    outer loop
      vertex 86.0083 112.03 0.00999928
      vertex 74.1641 114.127 0.00999928
      vertex 113.221 8.16959 105
    endloop
  endfacet
  facet normal 0.723595 0.690225 0
    outer loop
      vertex 219.251 48.8084 0.00999928
      vertex 213.842 54.4789 0
      vertex 213.842 54.4789 0.00999928
    endloop
  endfacet
  facet normal 0.723595 0.690225 0
    outer loop
      vertex 213.842 54.4789 0
      vertex 219.251 48.8084 0.00999928
      vertex 219.251 48.8084 0
    endloop
  endfacet
  facet normal 0.219894 0.717551 0.660884
    outer loop
      vertex 130.713 100.64 0.00999928
      vertex 120 103.923 0.00999928
      vertex 126.033 5.37552 105
    endloop
  endfacet
  facet normal 0.0608033 0.713119 0.698401
    outer loop
      vertex 84.9583 11.6572 105
      vertex 37.5443 118.523 0.00999928
      vertex 79.351 12.1353 105
    endloop
  endfacet
  facet normal 0.262023 -0.965062 0
    outer loop
      vertex 108.958 -106.921 0
      vertex 120 -103.923 0.00999928
      vertex 108.958 -106.921 0.00999928
    endloop
  endfacet
  facet normal 0.262023 -0.965062 0
    outer loop
      vertex 120 -103.923 0.00999928
      vertex 108.958 -106.921 0
      vertex 120 -103.923 0
    endloop
  endfacet
  facet normal 0.0608033 -0.713119 0.698401
    outer loop
      vertex 79.351 -12.1353 105
      vertex 37.5443 -118.523 0.00999928
      vertex 84.9583 -11.6572 105
    endloop
  endfacet
  facet normal 0.297761 -0.69724 0.65207
    outer loop
      vertex 160.591 -89.1774 0.00999928
      vertex 130.4 -3.88229 105
      vertex 151.037 -93.2575 0.00999928
    endloop
  endfacet
  facet normal 0.0188778 -0.707789 0.706172
    outer loop
      vertex 28.0681 -14.6722 105
      vertex 12.5606 -119.836 0.00999928
      vertex 34.9406 -14.4889 105
    endloop
  endfacet
  facet normal 0.075427 -0.715315 0.69472
    outer loop
      vertex 90.3326 -11.1472 105
      vertex 49.8988 -117.378 0.00999928
      vertex 95.4594 -10.6066 105
    endloop
  endfacet
  facet normal 0.174337 0.984686 -0
    outer loop
      vertex 86.0083 112.03 0
      vertex 74.1641 114.127 0.00999928
      vertex 86.0083 112.03 0.00999928
    endloop
  endfacet
  facet normal 0.174337 0.984686 0
    outer loop
      vertex 74.1641 114.127 0.00999928
      vertex 86.0083 112.03 0
      vertex 74.1641 114.127 0
    endloop
  endfacet
  facet normal 0.106555 0.719573 0.686193
    outer loop
      vertex 74.1641 114.127 0.00999928
      vertex 62.1166 115.911 0.00999928
      vertex 109.217 8.81678 105
    endloop
  endfacet
  facet normal 0.0543807 0.712121 0.699947
    outer loop
      vertex 79.351 12.1353 105
      vertex 37.5443 118.523 0.00999928
      vertex 73.5263 12.5801 105
    endloop
  endfacet
  facet normal 0.195654 0.720617 0.665155
    outer loop
      vertex 120 103.923 0.00999928
      vertex 108.958 106.921 0.00999928
      vertex 126.033 5.37552 105
    endloop
  endfacet
  facet normal 0.013077 0.999914 -0
    outer loop
      vertex 12.5606 119.836 0
      vertex 0.25 119.997 0.00999928
      vertex 12.5606 119.836 0.00999928
    endloop
  endfacet
  facet normal 0.013077 0.999914 0
    outer loop
      vertex 0.25 119.997 0.00999928
      vertex 12.5606 119.836 0
      vertex 0.25 119.997 0
    endloop
  endfacet
  facet normal 0.0393271 0.999226 -0
    outer loop
      vertex 25.0868 119.343 0
      vertex 12.5606 119.836 0.00999928
      vertex 25.0868 119.343 0.00999928
    endloop
  endfacet
  facet normal 0.0393271 0.999226 0
    outer loop
      vertex 12.5606 119.836 0.00999928
      vertex 25.0868 119.343 0
      vertex 12.5606 119.836 0
    endloop
  endfacet
  facet normal 0.172185 0.722182 0.669929
    outer loop
      vertex 108.958 106.921 0.00999928
      vertex 97.6168 109.625 0.00999928
      vertex 123.329 6.10105 105
    endloop
  endfacet
  facet normal 0.0860925 -0.717015 0.691721
    outer loop
      vertex 100.325 -10.037 105
      vertex 49.8988 -117.378 0.00999928
      vertex 62.1166 -115.911 0.00999928
    endloop
  endfacet
  facet normal 0.147785 0.722286 0.67562
    outer loop
      vertex 120.286 6.80986 105
      vertex 86.0083 112.03 0.00999928
      vertex 116.913 7.5 105
    endloop
  endfacet
  facet normal 0.0278821 -0.708742 0.704916
    outer loop
      vertex 41.7173 -14.2658 105
      vertex 12.5606 -119.836 0.00999928
      vertex 48.3797 -14.0037 105
    endloop
  endfacet
  facet normal 0.324955 -0.94573 0
    outer loop
      vertex 130.713 -100.64 0
      vertex 141.068 -97.082 0.00999928
      vertex 130.713 -100.64 0.00999928
    endloop
  endfacet
  facet normal 0.324955 -0.94573 0
    outer loop
      vertex 141.068 -97.082 0.00999928
      vertex 130.713 -100.64 0
      vertex 141.068 -97.082 0
    endloop
  endfacet
  facet normal 0.0103472 0.707387 0.706751
    outer loop
      vertex 21.1187 14.8153 105
      vertex 12.5606 119.836 0.00999928
      vertex 14.1113 14.9178 105
    endloop
  endfacet
  facet normal 0.0084024 0.707347 0.706817
    outer loop
      vertex 14.1113 14.9178 105
      vertex 4.25882 107 12.9659
      vertex 4 106.969 13
    endloop
  endfacet
  facet normal 0.0111011 0.707472 0.706654
    outer loop
      vertex 14.1113 14.9178 105
      vertex 4.5 107.096 12.866
      vertex 4.25882 107 12.9659
    endloop
  endfacet
  facet normal 0.00941218 0.707397 0.706754
    outer loop
      vertex 14.1113 14.9178 105
      vertex 4.70711 107.252 12.7071
      vertex 4.5 107.096 12.866
    endloop
  endfacet
  facet normal 0.00861614 0.707361 0.7068
    outer loop
      vertex 14.1113 14.9178 105
      vertex 4.86602 107.457 12.5
      vertex 4.70711 107.252 12.7071
    endloop
  endfacet
  facet normal 0.00919884 0.707387 0.706767
    outer loop
      vertex 12.5606 119.836 0.00999928
      vertex 4.86602 107.457 12.5
      vertex 14.1113 14.9178 105
    endloop
  endfacet
  facet normal 0.013683 0.705962 0.708118
    outer loop
      vertex 4.86602 107.457 12.5
      vertex 12.5606 119.836 0.00999928
      vertex 4.96593 107.697 12.2588
    endloop
  endfacet
  facet normal 0.00793378 0.707125 0.707044
    outer loop
      vertex 4.25882 108.93 11.0341
      vertex 0.25 118.138 1.87003
      vertex 4 108.967 11
    endloop
  endfacet
  facet normal 0.00932279 0.707355 0.706797
    outer loop
      vertex 12.5606 119.836 0.00999928
      vertex 4.25882 108.93 11.0341
      vertex 4.5 108.827 11.134
    endloop
  endfacet
  facet normal 0.0104046 0.706953 0.707184
    outer loop
      vertex 12.5606 119.836 0.00999928
      vertex 4.5 108.827 11.134
      vertex 4.70711 108.665 11.2929
    endloop
  endfacet
  facet normal 0.00922887 0.707372 0.706781
    outer loop
      vertex 12.5606 119.836 0.00999928
      vertex 4.70711 108.665 11.2929
      vertex 4.86602 108.456 11.5
    endloop
  endfacet
  facet normal 0.00850928 0.707615 0.706547
    outer loop
      vertex 4.96593 107.697 12.2588
      vertex 12.5606 119.836 0.00999928
      vertex 5 107.955 12
    endloop
  endfacet
  facet normal 0.00915441 0.707406 0.706748
    outer loop
      vertex 12.5606 119.836 0.00999928
      vertex 4.96593 108.214 11.7412
      vertex 5 107.955 12
    endloop
  endfacet
  facet normal 0.00841581 0.707651 0.706512
    outer loop
      vertex 12.5606 119.836 0.00999928
      vertex 4.86602 108.456 11.5
      vertex 4.96593 108.214 11.7412
    endloop
  endfacet
  facet normal 0.00921403 0.707396 0.706757
    outer loop
      vertex 4.25882 108.93 11.0341
      vertex 12.5606 119.836 0.00999928
      vertex 0.25 118.138 1.87003
    endloop
  endfacet
  facet normal 0.00924982 0.707272 0.706881
    outer loop
      vertex 0.25 118.138 1.87003
      vertex 12.5606 119.836 0.00999928
      vertex 0.25 119.997 0.00999928
    endloop
  endfacet
  facet normal 0.0107643 0.70746 0.706671
    outer loop
      vertex 3.74118 107.007 12.9659
      vertex 14.1113 14.9178 105
      vertex 4 106.969 13
    endloop
  endfacet
  facet normal 0.00627554 0.707235 0.706951
    outer loop
      vertex 3.5 107.109 12.866
      vertex 14.1113 14.9178 105
      vertex 3.74118 107.007 12.9659
    endloop
  endfacet
  facet normal 0.0112464 0.70749 0.706634
    outer loop
      vertex 3.29289 107.271 12.7071
      vertex 14.1113 14.9178 105
      vertex 3.5 107.109 12.866
    endloop
  endfacet
  facet normal 0.00927127 0.707389 0.706764
    outer loop
      vertex 3.13397 107.48 12.5
      vertex 14.1113 14.9178 105
      vertex 3.29289 107.271 12.7071
    endloop
  endfacet
  facet normal 0.00632862 0.70723 0.706955
    outer loop
      vertex 3.03407 107.722 12.2588
      vertex 14.1113 14.9178 105
      vertex 3.13397 107.48 12.5
    endloop
  endfacet
  facet normal 0.00959018 0.707432 0.706716
    outer loop
      vertex 0.25 118.138 1.87003
      vertex 3.03407 107.722 12.2588
      vertex 3 107.981 12
    endloop
  endfacet
  facet normal 0.00924696 0.707388 0.706765
    outer loop
      vertex 3.03407 107.722 12.2588
      vertex 0.25 118.138 1.87003
      vertex 14.1113 14.9178 105
    endloop
  endfacet
  facet normal 0.0101083 0.707499 0.706642
    outer loop
      vertex 3.03407 108.239 11.7412
      vertex 0.25 118.138 1.87003
      vertex 3 107.981 12
    endloop
  endfacet
  facet normal 0.00791742 0.707204 0.706965
    outer loop
      vertex 3.13397 108.479 11.5
      vertex 0.25 118.138 1.87003
      vertex 3.03407 108.239 11.7412
    endloop
  endfacet
  facet normal 0.00872156 0.70732 0.70684
    outer loop
      vertex 3.29289 108.684 11.2929
      vertex 0.25 118.138 1.87003
      vertex 3.13397 108.479 11.5
    endloop
  endfacet
  facet normal 0.00937565 0.707421 0.70673
    outer loop
      vertex 3.5 108.84 11.134
      vertex 0.25 118.138 1.87003
      vertex 3.29289 108.684 11.2929
    endloop
  endfacet
  facet normal 0.00836473 0.70725 0.706914
    outer loop
      vertex 3.74118 108.937 11.0341
      vertex 0.25 118.138 1.87003
      vertex 3.5 108.84 11.134
    endloop
  endfacet
  facet normal 0.0110334 0.707739 0.706388
    outer loop
      vertex 0.25 118.138 1.87003
      vertex 3.74118 108.937 11.0341
      vertex 4 108.967 11
    endloop
  endfacet
  facet normal 0.0677801 0.714256 0.696594
    outer loop
      vertex 90.3326 11.1472 105
      vertex 49.8988 117.378 0.00999928
      vertex 84.9583 11.6572 105
    endloop
  endfacet
  facet normal 0.202868 0.979206 -0
    outer loop
      vertex 97.6168 109.625 0
      vertex 86.0083 112.03 0.00999928
      vertex 97.6168 109.625 0.00999928
    endloop
  endfacet
  facet normal 0.202868 0.979206 0
    outer loop
      vertex 86.0083 112.03 0.00999928
      vertex 97.6168 109.625 0
      vertex 86.0083 112.03 0
    endloop
  endfacet
  facet normal 0.444702 0.611288 0.65465
    outer loop
      vertex 194.164 70.5342 0.00999928
      vertex 133.338 2.34652 105
      vertex 201.281 65.3567 0.00999928
    endloop
  endfacet
  facet normal 0.390195 0.650865 0.651247
    outer loop
      vertex 186.515 75.5184 0.00999928
      vertex 132.05 3.11868 105
      vertex 133.338 2.34652 105
    endloop
  endfacet
  facet normal 0.0145691 0.707522 0.706541
    outer loop
      vertex 28.0681 14.6722 105
      vertex 12.5606 119.836 0.00999928
      vertex 21.1187 14.8153 105
    endloop
  endfacet
  facet normal 0.538826 0.513978 0.667453
    outer loop
      vertex 213.842 54.4789 0.00999928
      vertex 134.26 1.56793 105
      vertex 219.251 48.8084 0.00999928
    endloop
  endfacet
  facet normal 0.013077 -0.999914 0
    outer loop
      vertex 0.25 -119.997 0
      vertex 12.5606 -119.836 0.00999928
      vertex 0.25 -119.997 0.00999928
    endloop
  endfacet
  facet normal 0.013077 -0.999914 0
    outer loop
      vertex 12.5606 -119.836 0.00999928
      vertex 0.25 -119.997 0
      vertex 12.5606 -119.836 0
    endloop
  endfacet
  facet normal 0.24492 -0.712802 0.657211
    outer loop
      vertex 141.068 -97.082 0.00999928
      vertex 128.393 -4.63525 105
      vertex 130.713 -100.64 0.00999928
    endloop
  endfacet
  facet normal 0.147785 -0.722286 0.67562
    outer loop
      vertex 116.913 -7.5 105
      vertex 86.0083 -112.03 0.00999928
      vertex 120.286 -6.80986 105
    endloop
  endfacet
  facet normal 0.130863 -0.721557 0.679875
    outer loop
      vertex 113.221 -8.16959 105
      vertex 86.0083 -112.03 0.00999928
      vertex 116.913 -7.5 105
    endloop
  endfacet
  facet normal 0.0278944 -0.708744 0.704914
    outer loop
      vertex 48.3797 -14.0037 105
      vertex 12.5606 -119.836 0.00999928
      vertex 25.0868 -119.343 0.00999928
    endloop
  endfacet
  facet normal 0.116442 -0.720397 0.683718
    outer loop
      vertex 109.217 -8.81678 105
      vertex 74.1641 -114.127 0.00999928
      vertex 113.221 -8.16959 105
    endloop
  endfacet
  facet normal 0.116442 0.720397 0.683718
    outer loop
      vertex 113.221 8.16959 105
      vertex 74.1641 114.127 0.00999928
      vertex 109.217 8.81678 105
    endloop
  endfacet
  facet normal 0.706589 0.0369472 0.706659
    outer loop
      vertex 193.855 3.5313 45.9662
      vertex 135 0 105
      vertex 190.508 0 49.4975
    endloop
  endfacet
  facet normal 0.700544 0.110365 0.705024
    outer loop
      vertex 197.25 7.53074 41.9667
      vertex 135 0 105
      vertex 193.855 3.5313 45.9662
    endloop
  endfacet
  facet normal 0.0484308 -0.71133 0.701188
    outer loop
      vertex 67.5 -12.9904 105
      vertex 37.5443 -118.523 0.00999928
      vertex 73.5263 -12.5801 105
    endloop
  endfacet
  facet normal 0.318741 -0.688733 0.651192
    outer loop
      vertex 132.05 -3.11868 105
      vertex 130.4 -3.88229 105
      vertex 160.591 -89.1774 0.00999928
    endloop
  endfacet
  facet normal 0.50746 0.55111 0.662391
    outer loop
      vertex 207.846 60 0.00999928
      vertex 134.26 1.56793 105
      vertex 213.842 54.4789 0.00999928
    endloop
  endfacet
  facet normal 0.598578 -0.424338 0.679442
    outer loop
      vertex 134.815 -0.785039 105
      vertex 134.26 -1.56793 105
      vertex 224.059 -43.0042 0.00999928
    endloop
  endfacet
  facet normal 0.0922833 0.995733 -0
    outer loop
      vertex 49.8988 117.378 0
      vertex 37.5443 118.523 0.00999928
      vertex 49.8988 117.378 0.00999928
    endloop
  endfacet
  facet normal 0.0922833 0.995733 0
    outer loop
      vertex 37.5443 118.523 0.00999928
      vertex 49.8988 117.378 0
      vertex 37.5443 118.523 0
    endloop
  endfacet
  facet normal 0.569444 0.471708 0.67322
    outer loop
      vertex 219.251 48.8084 0.00999928
      vertex 134.26 1.56793 105
      vertex 224.059 43.0042 0.00999928
    endloop
  endfacet
  facet normal 0.0661791 -0.714069 0.69694
    outer loop
      vertex 84.9583 -11.6572 105
      vertex 37.5443 -118.523 0.00999928
      vertex 49.8988 -117.378 0.00999928
    endloop
  endfacet
  facet normal 0.598578 0.424338 0.679442
    outer loop
      vertex 224.059 43.0042 0.00999928
      vertex 134.26 1.56793 105
      vertex 134.815 0.785039 105
    endloop
  endfacet
  facet normal 0.484971 0.574298 0.659534
    outer loop
      vertex 207.846 60 0.00999928
      vertex 133.338 2.34652 105
      vertex 134.26 1.56793 105
    endloop
  endfacet
  facet normal 0.569444 -0.471708 0.67322
    outer loop
      vertex 224.059 -43.0042 0.00999928
      vertex 134.26 -1.56793 105
      vertex 219.251 -48.8084 0.00999928
    endloop
  endfacet
  facet normal 0.0278944 0.708744 0.704914
    outer loop
      vertex 25.0868 119.343 0.00999928
      vertex 12.5606 119.836 0.00999928
      vertex 48.3797 14.0037 105
    endloop
  endfacet
  facet normal 0.193392 0.72076 0.665661
    outer loop
      vertex 126.033 5.37552 105
      vertex 108.958 106.921 0.00999928
      vertex 123.329 6.10105 105
    endloop
  endfacet
  facet normal 0.538826 -0.513978 0.667453
    outer loop
      vertex 219.251 -48.8084 0.00999928
      vertex 134.26 -1.56793 105
      vertex 213.842 -54.4789 0.00999928
    endloop
  endfacet
  facet normal 0.195654 -0.720617 0.665155
    outer loop
      vertex 126.033 -5.37552 105
      vertex 108.958 -106.921 0.00999928
      vertex 120 -103.923 0.00999928
    endloop
  endfacet
  facet normal 0.0484308 0.71133 0.701188
    outer loop
      vertex 73.5263 12.5801 105
      vertex 37.5443 118.523 0.00999928
      vertex 67.5 12.9904 105
    endloop
  endfacet
  facet normal 0.0933971 0.71785 0.689905
    outer loop
      vertex 104.915 9.43981 105
      vertex 62.1166 115.911 0.00999928
      vertex 100.325 10.037 105
    endloop
  endfacet
  facet normal 0.50746 -0.55111 0.662391
    outer loop
      vertex 213.842 -54.4789 0.00999928
      vertex 134.26 -1.56793 105
      vertex 207.846 -60 0.00999928
    endloop
  endfacet
  facet normal 0.545939 -0.837825 0
    outer loop
      vertex 186.515 -75.5184 0
      vertex 194.164 -70.5342 0.00999928
      vertex 186.515 -75.5184 0.00999928
    endloop
  endfacet
  facet normal 0.545939 -0.837825 0
    outer loop
      vertex 194.164 -70.5342 0.00999928
      vertex 186.515 -75.5184 0
      vertex 194.164 -70.5342 0
    endloop
  endfacet
  facet normal 0.770099 -0.637924 0
    outer loop
      vertex 219.251 -48.8084 0.00999928
      vertex 224.059 -43.0042 0
      vertex 224.059 -43.0042 0.00999928
    endloop
  endfacet
  facet normal 0.770099 -0.637924 0
    outer loop
      vertex 224.059 -43.0042 0
      vertex 219.251 -48.8084 0.00999928
      vertex 219.251 -48.8084 0
    endloop
  endfacet
  facet normal 0.265423 -0.707479 0.654999
    outer loop
      vertex 130.4 -3.88229 105
      vertex 128.393 -4.63525 105
      vertex 141.068 -97.082 0.00999928
    endloop
  endfacet
  facet normal 0.383593 -0.655206 0.650816
    outer loop
      vertex 186.515 -75.5184 0.00999928
      vertex 132.05 -3.11868 105
      vertex 178.355 -80.2957 0.00999928
    endloop
  endfacet
  facet normal 0.0326362 -0.709167 0.704285
    outer loop
      vertex 48.3797 -14.0037 105
      vertex 25.0868 -119.343 0.00999928
      vertex 54.9094 -13.7032 105
    endloop
  endfacet
  facet normal 0.0233149 0.708194 0.705633
    outer loop
      vertex 41.7173 14.2658 105
      vertex 12.5606 119.836 0.00999928
      vertex 34.9406 14.4889 105
    endloop
  endfacet
  facet normal 0.0278821 0.708742 0.704916
    outer loop
      vertex 48.3797 14.0037 105
      vertex 12.5606 119.836 0.00999928
      vertex 41.7173 14.2658 105
    endloop
  endfacet
  facet normal 0.390195 -0.650865 0.651247
    outer loop
      vertex 133.338 -2.34652 105
      vertex 132.05 -3.11868 105
      vertex 186.515 -75.5184 0.00999928
    endloop
  endfacet
  facet normal 0.466146 -0.884708 0
    outer loop
      vertex 169.706 -84.8528 0
      vertex 178.355 -80.2957 0.00999928
      vertex 169.706 -84.8528 0.00999928
    endloop
  endfacet
  facet normal 0.466146 -0.884708 0
    outer loop
      vertex 178.355 -80.2957 0.00999928
      vertex 169.706 -84.8528 0
      vertex 178.355 -80.2957 0
    endloop
  endfacet
  facet normal 0.651057 -0.312571 0.691682
    outer loop
      vertex 204.414 -17.6133 31.8842
      vertex 134.815 -0.785039 105
      vertex 207.895 -23.5913 25.9062
    endloop
  endfacet
  facet normal 0.626354 -0.370885 0.685657
    outer loop
      vertex 227.521 -34.952 1.83176
      vertex 228.254 -37.082 0.00999928
      vertex 229.487 -34.9997 0.00999928
    endloop
  endfacet
  facet normal 0.62626 -0.370957 0.685703
    outer loop
      vertex 225.606 -34.8083 3.65849
      vertex 228.254 -37.082 0.00999928
      vertex 227.521 -34.952 1.83176
    endloop
  endfacet
  facet normal 0.626422 -0.37073 0.685679
    outer loop
      vertex 223.759 -34.5691 5.4752
      vertex 228.254 -37.082 0.00999928
      vertex 225.606 -34.8083 3.65849
    endloop
  endfacet
  facet normal 0.626163 -0.371178 0.685672
    outer loop
      vertex 221.984 -34.2352 7.2769
      vertex 228.254 -37.082 0.00999928
      vertex 223.759 -34.5691 5.4752
    endloop
  endfacet
  facet normal 0.62662 -0.370309 0.685726
    outer loop
      vertex 220.287 -33.8074 9.05865
      vertex 228.254 -37.082 0.00999928
      vertex 221.984 -34.2352 7.2769
    endloop
  endfacet
  facet normal 0.626909 -0.369732 0.685772
    outer loop
      vertex 218.672 -33.287 10.8156
      vertex 228.254 -37.082 0.00999928
      vertex 220.287 -33.8074 9.05865
    endloop
  endfacet
  facet normal 0.627754 -0.368021 0.68592
    outer loop
      vertex 218.672 -33.287 10.8156
      vertex 134.815 -0.785039 105
      vertex 228.254 -37.082 0.00999928
    endloop
  endfacet
  facet normal 0.63175 -0.359767 0.686629
    outer loop
      vertex 217.143 -32.6753 12.5429
      vertex 134.815 -0.785039 105
      vertex 218.672 -33.287 10.8156
    endloop
  endfacet
  facet normal 0.626381 -0.370827 0.685663
    outer loop
      vertex 215.705 -31.9741 14.2358
      vertex 134.815 -0.785039 105
      vertex 217.143 -32.6753 12.5429
    endloop
  endfacet
  facet normal 0.625961 -0.371683 0.685583
    outer loop
      vertex 214.362 -31.1852 15.8897
      vertex 134.815 -0.785039 105
      vertex 215.705 -31.9741 14.2358
    endloop
  endfacet
  facet normal 0.626298 -0.370993 0.685649
    outer loop
      vertex 213.117 -30.3109 17.5
      vertex 134.815 -0.785039 105
      vertex 214.362 -31.1852 15.8897
    endloop
  endfacet
  facet normal 0.626114 -0.371373 0.685612
    outer loop
      vertex 211.974 -29.3535 19.0624
      vertex 134.815 -0.785039 105
      vertex 213.117 -30.3109 17.5
    endloop
  endfacet
  facet normal 0.62656 -0.370448 0.685705
    outer loop
      vertex 210.935 -28.3156 20.5725
      vertex 134.815 -0.785039 105
      vertex 211.974 -29.3535 19.0624
    endloop
  endfacet
  facet normal 0.626052 -0.37151 0.685594
    outer loop
      vertex 210.005 -27.2001 22.0262
      vertex 134.815 -0.785039 105
      vertex 210.935 -28.3156 20.5725
    endloop
  endfacet
  facet normal 0.626438 -0.370694 0.685683
    outer loop
      vertex 209.184 -26.0101 23.4196
      vertex 134.815 -0.785039 105
      vertex 210.005 -27.2001 22.0262
    endloop
  endfacet
  facet normal 0.626339 -0.370906 0.685659
    outer loop
      vertex 208.476 -24.7487 24.7487
      vertex 134.815 -0.785039 105
      vertex 209.184 -26.0101 23.4196
    endloop
  endfacet
  facet normal 0.626134 -0.371352 0.685604
    outer loop
      vertex 134.815 -0.785039 105
      vertex 208.476 -24.7487 24.7487
      vertex 207.895 -23.5913 25.9062
    endloop
  endfacet
  facet normal 0.677374 -0.735639 0
    outer loop
      vertex 207.846 -60 0
      vertex 213.842 -54.4789 0.00999928
      vertex 207.846 -60 0.00999928
    endloop
  endfacet
  facet normal 0.677374 -0.735639 0
    outer loop
      vertex 213.842 -54.4789 0.00999928
      vertex 207.846 -60 0
      vertex 213.842 -54.4789 0
    endloop
  endfacet
  facet normal 0.651057 0.312571 0.691682
    outer loop
      vertex 207.895 23.5913 25.9062
      vertex 134.815 0.785039 105
      vertex 204.414 17.6133 31.8842
    endloop
  endfacet
  facet normal 0.672174 0.249194 0.697197
    outer loop
      vertex 204.414 17.6133 31.8842
      vertex 134.815 0.785039 105
      vertex 200.954 12.422 37.0755
    endloop
  endfacet
  facet normal 0 0 1
    outer loop
      vertex 134.815 0.785039 105
      vertex 134.815 -0.785039 105
      vertex 135 0 105
    endloop
  endfacet
  facet normal 0 0 1
    outer loop
      vertex 134.26 1.56793 105
      vertex 134.815 -0.785039 105
      vertex 134.815 0.785039 105
    endloop
  endfacet
  facet normal 0 0 1
    outer loop
      vertex 134.26 1.56793 105
      vertex 134.26 -1.56793 105
      vertex 134.815 -0.785039 105
    endloop
  endfacet
  facet normal 0 0 1
    outer loop
      vertex 133.338 2.34652 105
      vertex 134.26 -1.56793 105
      vertex 134.26 1.56793 105
    endloop
  endfacet
  facet normal 0 0 1
    outer loop
      vertex 133.338 2.34652 105
      vertex 133.338 -2.34652 105
      vertex 134.26 -1.56793 105
    endloop
  endfacet
  facet normal 0 0 1
    outer loop
      vertex 132.05 3.11868 105
      vertex 133.338 -2.34652 105
      vertex 133.338 2.34652 105
    endloop
  endfacet
  facet normal 0 0 1
    outer loop
      vertex 132.05 3.11868 105
      vertex 132.05 -3.11868 105
      vertex 133.338 -2.34652 105
    endloop
  endfacet
  facet normal 0 0 1
    outer loop
      vertex 130.4 3.88229 105
      vertex 132.05 -3.11868 105
      vertex 132.05 3.11868 105
    endloop
  endfacet
  facet normal 0 0 1
    outer loop
      vertex 130.4 3.88229 105
      vertex 130.4 -3.88229 105
      vertex 132.05 -3.11868 105
    endloop
  endfacet
  facet normal 0 0 1
    outer loop
      vertex 128.393 4.63525 105
      vertex 130.4 -3.88229 105
      vertex 130.4 3.88229 105
    endloop
  endfacet
  facet normal 0 0 1
    outer loop
      vertex 128.393 4.63525 105
      vertex 128.393 -4.63525 105
      vertex 130.4 -3.88229 105
    endloop
  endfacet
  facet normal 0 0 1
    outer loop
      vertex 126.033 5.37552 105
      vertex 128.393 -4.63525 105
      vertex 128.393 4.63525 105
    endloop
  endfacet
  facet normal 0 0 1
    outer loop
      vertex 126.033 5.37552 105
      vertex 126.033 -5.37552 105
      vertex 128.393 -4.63525 105
    endloop
  endfacet
  facet normal 0 0 1
    outer loop
      vertex 123.329 6.10105 105
      vertex 126.033 -5.37552 105
      vertex 126.033 5.37552 105
    endloop
  endfacet
  facet normal 0 0 1
    outer loop
      vertex 123.329 6.10105 105
      vertex 123.329 -6.10105 105
      vertex 126.033 -5.37552 105
    endloop
  endfacet
  facet normal 0 0 1
    outer loop
      vertex 120.286 6.80986 105
      vertex 123.329 -6.10105 105
      vertex 123.329 6.10105 105
    endloop
  endfacet
  facet normal 0 0 1
    outer loop
      vertex 120.286 6.80986 105
      vertex 120.286 -6.80986 105
      vertex 123.329 -6.10105 105
    endloop
  endfacet
  facet normal 0 0 1
    outer loop
      vertex 116.913 7.5 105
      vertex 120.286 -6.80986 105
      vertex 120.286 6.80986 105
    endloop
  endfacet
  facet normal 0 0 1
    outer loop
      vertex 116.913 7.5 105
      vertex 116.913 -7.5 105
      vertex 120.286 -6.80986 105
    endloop
  endfacet
  facet normal 0 0 1
    outer loop
      vertex 113.221 8.16959 105
      vertex 116.913 -7.5 105
      vertex 116.913 7.5 105
    endloop
  endfacet
  facet normal 0 0 1
    outer loop
      vertex 113.221 8.16959 105
      vertex 113.221 -8.16959 105
      vertex 116.913 -7.5 105
    endloop
  endfacet
  facet normal 0 0 1
    outer loop
      vertex 109.217 8.81678 105
      vertex 113.221 -8.16959 105
      vertex 113.221 8.16959 105
    endloop
  endfacet
  facet normal 0 0 1
    outer loop
      vertex 109.217 8.81678 105
      vertex 109.217 -8.81678 105
      vertex 113.221 -8.16959 105
    endloop
  endfacet
  facet normal 0 0 1
    outer loop
      vertex 104.915 9.43981 105
      vertex 109.217 -8.81678 105
      vertex 109.217 8.81678 105
    endloop
  endfacet
  facet normal 0 0 1
    outer loop
      vertex 104.915 9.43981 105
      vertex 104.915 -9.43981 105
      vertex 109.217 -8.81678 105
    endloop
  endfacet
  facet normal 0 0 1
    outer loop
      vertex 100.325 10.037 105
      vertex 104.915 -9.43981 105
      vertex 104.915 9.43981 105
    endloop
  endfacet
  facet normal 0 0 1
    outer loop
      vertex 100.325 10.037 105
      vertex 100.325 -10.037 105
      vertex 104.915 -9.43981 105
    endloop
  endfacet
  facet normal 0 0 1
    outer loop
      vertex 95.4594 10.6066 105
      vertex 100.325 -10.037 105
      vertex 100.325 10.037 105
    endloop
  endfacet
  facet normal 0 0 1
    outer loop
      vertex 95.4594 10.6066 105
      vertex 95.4594 -10.6066 105
      vertex 100.325 -10.037 105
    endloop
  endfacet
  facet normal 0 0 1
    outer loop
      vertex 90.3326 11.1472 105
      vertex 95.4594 -10.6066 105
      vertex 95.4594 10.6066 105
    endloop
  endfacet
  facet normal 0 0 1
    outer loop
      vertex 90.3326 11.1472 105
      vertex 90.3326 -11.1472 105
      vertex 95.4594 -10.6066 105
    endloop
  endfacet
  facet normal 0 0 1
    outer loop
      vertex 84.9583 11.6572 105
      vertex 90.3326 -11.1472 105
      vertex 90.3326 11.1472 105
    endloop
  endfacet
  facet normal 0 0 1
    outer loop
      vertex 84.9583 11.6572 105
      vertex 84.9583 -11.6572 105
      vertex 90.3326 -11.1472 105
    endloop
  endfacet
  facet normal 0 0 1
    outer loop
      vertex 79.351 12.1353 105
      vertex 84.9583 -11.6572 105
      vertex 84.9583 11.6572 105
    endloop
  endfacet
  facet normal 0 0 1
    outer loop
      vertex 79.351 12.1353 105
      vertex 79.351 -12.1353 105
      vertex 84.9583 -11.6572 105
    endloop
  endfacet
  facet normal 0 0 1
    outer loop
      vertex 73.5263 12.5801 105
      vertex 79.351 -12.1353 105
      vertex 79.351 12.1353 105
    endloop
  endfacet
  facet normal 0 0 1
    outer loop
      vertex 73.5263 12.5801 105
      vertex 73.5263 -12.5801 105
      vertex 79.351 -12.1353 105
    endloop
  endfacet
  facet normal 0 0 1
    outer loop
      vertex 67.5 12.9904 105
      vertex 73.5263 -12.5801 105
      vertex 73.5263 12.5801 105
    endloop
  endfacet
  facet normal 0 0 1
    outer loop
      vertex 67.5 12.9904 105
      vertex 67.5 -12.9904 105
      vertex 73.5263 -12.5801 105
    endloop
  endfacet
  facet normal 0 0 1
    outer loop
      vertex 61.2887 13.3651 105
      vertex 67.5 -12.9904 105
      vertex 67.5 12.9904 105
    endloop
  endfacet
  facet normal 0 0 1
    outer loop
      vertex 61.2887 13.3651 105
      vertex 61.2887 -13.3651 105
      vertex 67.5 -12.9904 105
    endloop
  endfacet
  facet normal 0 0 1
    outer loop
      vertex 54.9094 13.7032 105
      vertex 61.2887 -13.3651 105
      vertex 61.2887 13.3651 105
    endloop
  endfacet
  facet normal 0 0 1
    outer loop
      vertex 54.9094 13.7032 105
      vertex 54.9094 -13.7032 105
      vertex 61.2887 -13.3651 105
    endloop
  endfacet
  facet normal 0 0 1
    outer loop
      vertex 48.3797 14.0037 105
      vertex 54.9094 -13.7032 105
      vertex 54.9094 13.7032 105
    endloop
  endfacet
  facet normal 0 0 1
    outer loop
      vertex 48.3797 14.0037 105
      vertex 48.3797 -14.0037 105
      vertex 54.9094 -13.7032 105
    endloop
  endfacet
  facet normal 0 0 1
    outer loop
      vertex 41.7173 14.2658 105
      vertex 48.3797 -14.0037 105
      vertex 48.3797 14.0037 105
    endloop
  endfacet
  facet normal 0 0 1
    outer loop
      vertex 41.7173 14.2658 105
      vertex 41.7173 -14.2658 105
      vertex 48.3797 -14.0037 105
    endloop
  endfacet
  facet normal 0 0 1
    outer loop
      vertex 34.9406 14.4889 105
      vertex 41.7173 -14.2658 105
      vertex 41.7173 14.2658 105
    endloop
  endfacet
  facet normal 0 0 1
    outer loop
      vertex 34.9406 14.4889 105
      vertex 34.9406 -14.4889 105
      vertex 41.7173 -14.2658 105
    endloop
  endfacet
  facet normal 0 0 1
    outer loop
      vertex 28.0681 14.6722 105
      vertex 34.9406 -14.4889 105
      vertex 34.9406 14.4889 105
    endloop
  endfacet
  facet normal 0 0 1
    outer loop
      vertex 28.0681 14.6722 105
      vertex 28.0681 -14.6722 105
      vertex 34.9406 -14.4889 105
    endloop
  endfacet
  facet normal 0 0 1
    outer loop
      vertex 21.1187 14.8153 105
      vertex 28.0681 -14.6722 105
      vertex 28.0681 14.6722 105
    endloop
  endfacet
  facet normal 0 0 1
    outer loop
      vertex 21.1187 14.8153 105
      vertex 21.1187 -14.8153 105
      vertex 28.0681 -14.6722 105
    endloop
  endfacet
  facet normal 0 0 1
    outer loop
      vertex 14.1113 14.9178 105
      vertex 21.1187 -14.8153 105
      vertex 21.1187 14.8153 105
    endloop
  endfacet
  facet normal 0 0 1
    outer loop
      vertex 14.1113 14.9178 105
      vertex 14.1113 -14.9178 105
      vertex 21.1187 -14.8153 105
    endloop
  endfacet
  facet normal 0 0 1
    outer loop
      vertex 7.06535 14.9794 105
      vertex 14.1113 -14.9178 105
      vertex 14.1113 14.9178 105
    endloop
  endfacet
  facet normal 0 0 1
    outer loop
      vertex 7.06535 14.9794 105
      vertex 7.06535 -14.9794 105
      vertex 14.1113 -14.9178 105
    endloop
  endfacet
  facet normal 0 0 1
    outer loop
      vertex 0.25 14.9993 105
      vertex 7.06535 -14.9794 105
      vertex 7.06535 14.9794 105
    endloop
  endfacet
  facet normal 0 0 1
    outer loop
      vertex 7.06535 -14.9794 105
      vertex 0.25 14.9993 105
      vertex 0.25 -14.9993 105
    endloop
  endfacet
  facet normal 0.0326362 0.709167 0.704285
    outer loop
      vertex 54.9094 13.7032 105
      vertex 25.0868 119.343 0.00999928
      vertex 48.3797 14.0037 105
    endloop
  endfacet
  facet normal 0.0376162 0.709745 0.703453
    outer loop
      vertex 61.2887 13.3651 105
      vertex 25.0868 119.343 0.00999928
      vertex 54.9094 13.7032 105
    endloop
  endfacet
  facet normal 0.219894 -0.717551 0.660884
    outer loop
      vertex 126.033 -5.37552 105
      vertex 120 -103.923 0.00999928
      vertex 130.713 -100.64 0.00999928
    endloop
  endfacet
  facet normal 0.119214 -0.992869 0
    outer loop
      vertex 49.8988 -117.378 0
      vertex 62.1166 -115.911 0.00999928
      vertex 49.8988 -117.378 0.00999928
    endloop
  endfacet
  facet normal 0.119214 -0.992869 0
    outer loop
      vertex 62.1166 -115.911 0.00999928
      vertex 49.8988 -117.378 0
      vertex 62.1166 -115.911 0
    endloop
  endfacet
  facet normal 0.174337 -0.984686 0
    outer loop
      vertex 74.1641 -114.127 0
      vertex 86.0083 -112.03 0.00999928
      vertex 74.1641 -114.127 0.00999928
    endloop
  endfacet
  facet normal 0.174337 -0.984686 0
    outer loop
      vertex 86.0083 -112.03 0.00999928
      vertex 74.1641 -114.127 0
      vertex 86.0083 -112.03 0
    endloop
  endfacet
  facet normal 0.146483 0.989213 -0
    outer loop
      vertex 74.1641 114.127 0
      vertex 62.1166 115.911 0.00999928
      vertex 74.1641 114.127 0.00999928
    endloop
  endfacet
  facet normal 0.146483 0.989213 0
    outer loop
      vertex 62.1166 115.911 0.00999928
      vertex 74.1641 114.127 0
      vertex 62.1166 115.911 0
    endloop
  endfacet
  facet normal 0.119214 0.992869 -0
    outer loop
      vertex 62.1166 115.911 0
      vertex 49.8988 117.378 0.00999928
      vertex 62.1166 115.911 0.00999928
    endloop
  endfacet
  facet normal 0.119214 0.992869 0
    outer loop
      vertex 49.8988 117.378 0.00999928
      vertex 62.1166 115.911 0
      vertex 49.8988 117.378 0
    endloop
  endfacet
  facet normal 0.224783 -0.716616 0.660253
    outer loop
      vertex 128.393 -4.63525 105
      vertex 126.033 -5.37552 105
      vertex 130.713 -100.64 0.00999928
    endloop
  endfacet
  facet normal 0.860364 -0.509451 0.0152846
    outer loop
      vertex 228.254 -37.082 0.00999928
      vertex 229.487 -35 0
      vertex 229.487 -34.9997 0.00999928
    endloop
  endfacet
  facet normal 0.860432 -0.509564 0
    outer loop
      vertex 229.487 -35 0
      vertex 228.254 -37.082 0.00999928
      vertex 228.254 -37.082 0
    endloop
  endfacet
  facet normal 0.358185 -0.933651 0
    outer loop
      vertex 141.068 -97.082 0
      vertex 151.037 -93.2575 0.00999928
      vertex 141.068 -97.082 0.00999928
    endloop
  endfacet
  facet normal 0.358185 -0.933651 0
    outer loop
      vertex 151.037 -93.2575 0.00999928
      vertex 141.068 -97.082 0
      vertex 151.037 -93.2575 0
    endloop
  endfacet
  facet normal 0.325465 -0.685985 0.650767
    outer loop
      vertex 169.706 -84.8528 0.00999928
      vertex 132.05 -3.11868 105
      vertex 160.591 -89.1774 0.00999928
    endloop
  endfacet
  facet normal 0.598717 -0.424102 0.679466
    outer loop
      vertex 228.254 -37.082 0.00999928
      vertex 134.815 -0.785039 105
      vertex 224.059 -43.0042 0.00999928
    endloop
  endfacet
  facet normal 0.104162 -0.719232 0.686918
    outer loop
      vertex 104.915 -9.43981 105
      vertex 62.1166 -115.911 0.00999928
      vertex 109.217 -8.81678 105
    endloop
  endfacet
  facet normal 0.0933971 -0.71785 0.689905
    outer loop
      vertex 100.325 -10.037 105
      vertex 62.1166 -115.911 0.00999928
      vertex 104.915 -9.43981 105
    endloop
  endfacet
  facet normal 0.202868 -0.979206 0
    outer loop
      vertex 86.0083 -112.03 0
      vertex 97.6168 -109.625 0.00999928
      vertex 86.0083 -112.03 0.00999928
    endloop
  endfacet
  facet normal 0.202868 -0.979206 0
    outer loop
      vertex 97.6168 -109.625 0.00999928
      vertex 86.0083 -112.03 0
      vertex 97.6168 -109.625 0
    endloop
  endfacet
  facet normal 0.193392 -0.72076 0.665661
    outer loop
      vertex 123.329 -6.10105 105
      vertex 108.958 -106.921 0.00999928
      vertex 126.033 -5.37552 105
    endloop
  endfacet
  facet normal 0 0 -1
    outer loop
      vertex 224.959 35 0
      vertex 228.254 37.082 0
      vertex 229.487 35 0
    endloop
  endfacet
  facet normal 0 0 -1
    outer loop
      vertex 224.449 35.846 0
      vertex 228.254 37.082 0
      vertex 224.959 35 0
    endloop
  endfacet
  facet normal 0 0 -1
    outer loop
      vertex 224.449 35.846 0
      vertex 224.059 43.0042 0
      vertex 228.254 37.082 0
    endloop
  endfacet
  facet normal 0 0 -1
    outer loop
      vertex 220.325 41.5707 0
      vertex 224.059 43.0042 0
      vertex 224.449 35.846 0
    endloop
  endfacet
  facet normal 0 0 -1
    outer loop
      vertex 220.325 41.5707 0
      vertex 219.251 48.8084 0
      vertex 224.059 43.0042 0
    endloop
  endfacet
  facet normal 0 0 -1
    outer loop
      vertex 215.597 47.1814 0
      vertex 219.251 48.8084 0
      vertex 220.325 41.5707 0
    endloop
  endfacet
  facet normal 0 0 -1
    outer loop
      vertex 215.597 47.1814 0
      vertex 213.842 54.4789 0
      vertex 219.251 48.8084 0
    endloop
  endfacet
  facet normal 0 0 -1
    outer loop
      vertex 210.278 52.6629 0
      vertex 213.842 54.4789 0
      vertex 215.597 47.1814 0
    endloop
  endfacet
  facet normal 0 0 -1
    outer loop
      vertex 210.278 52.6629 0
      vertex 207.846 60 0
      vertex 213.842 54.4789 0
    endloop
  endfacet
  facet normal 0 0 -1
    outer loop
      vertex 204.382 58 0
      vertex 207.846 60 0
      vertex 210.278 52.6629 0
    endloop
  endfacet
  facet normal 0 0 -1
    outer loop
      vertex 204.382 58 0
      vertex 201.281 65.3567 0
      vertex 207.846 60 0
    endloop
  endfacet
  facet normal 0 0 -1
    outer loop
      vertex 197.926 63.1781 0
      vertex 201.281 65.3567 0
      vertex 204.382 58 0
    endloop
  endfacet
  facet normal 0 0 -1
    outer loop
      vertex 197.926 63.1781 0
      vertex 194.164 70.5342 0
      vertex 201.281 65.3567 0
    endloop
  endfacet
  facet normal 0 0 -1
    outer loop
      vertex 190.928 68.1831 0
      vertex 194.164 70.5342 0
      vertex 197.926 63.1781 0
    endloop
  endfacet
  facet normal 0 0 -1
    outer loop
      vertex 190.928 68.1831 0
      vertex 186.515 75.5184 0
      vertex 194.164 70.5342 0
    endloop
  endfacet
  facet normal 0 0 -1
    outer loop
      vertex 183.406 73.0012 0
      vertex 186.515 75.5184 0
      vertex 190.928 68.1831 0
    endloop
  endfacet
  facet normal 0 0 -1
    outer loop
      vertex 183.406 73.0012 0
      vertex 178.355 80.2957 0
      vertex 186.515 75.5184 0
    endloop
  endfacet
  facet normal 0 0 -1
    outer loop
      vertex 175.382 77.6191 0
      vertex 178.355 80.2957 0
      vertex 183.406 73.0012 0
    endloop
  endfacet
  facet normal 0 0 -1
    outer loop
      vertex 175.382 77.6191 0
      vertex 169.706 84.8528 0
      vertex 178.355 80.2957 0
    endloop
  endfacet
  facet normal 0 0 -1
    outer loop
      vertex 166.877 82.0244 0
      vertex 169.706 84.8528 0
      vertex 175.382 77.6191 0
    endloop
  endfacet
  facet normal 0 0 -1
    outer loop
      vertex 166.877 82.0244 0
      vertex 160.591 89.1774 0
      vertex 169.706 84.8528 0
    endloop
  endfacet
  facet normal 0 0 -1
    outer loop
      vertex 157.915 86.2048 0
      vertex 160.591 89.1774 0
      vertex 166.877 82.0244 0
    endloop
  endfacet
  facet normal 0 0 -1
    outer loop
      vertex 157.915 86.2048 0
      vertex 151.037 93.2575 0
      vertex 160.591 89.1774 0
    endloop
  endfacet
  facet normal 0 0 -1
    outer loop
      vertex 148.52 90.1489 0
      vertex 151.037 93.2575 0
      vertex 157.915 86.2048 0
    endloop
  endfacet
  facet normal 0 0 -1
    outer loop
      vertex 148.52 90.1489 0
      vertex 141.068 97.082 0
      vertex 151.037 93.2575 0
    endloop
  endfacet
  facet normal 0 0 -1
    outer loop
      vertex 138.717 93.846 0
      vertex 141.068 97.082 0
      vertex 148.52 90.1489 0
    endloop
  endfacet
  facet normal 0 0 -1
    outer loop
      vertex 138.717 93.846 0
      vertex 130.713 100.64 0
      vertex 141.068 97.082 0
    endloop
  endfacet
  facet normal 0 0 -1
    outer loop
      vertex 128.535 97.2858 0
      vertex 130.713 100.64 0
      vertex 138.717 93.846 0
    endloop
  endfacet
  facet normal 0 0 -1
    outer loop
      vertex 128.535 97.2858 0
      vertex 120 103.923 0
      vertex 130.713 100.64 0
    endloop
  endfacet
  facet normal 0 0 -1
    outer loop
      vertex 118 100.459 0
      vertex 120 103.923 0
      vertex 128.535 97.2858 0
    endloop
  endfacet
  facet normal 0 0 -1
    outer loop
      vertex 118 100.459 0
      vertex 108.958 106.921 0
      vertex 120 103.923 0
    endloop
  endfacet
  facet normal 0 0 -1
    outer loop
      vertex 107.142 103.357 0
      vertex 108.958 106.921 0
      vertex 118 100.459 0
    endloop
  endfacet
  facet normal 0 0 -1
    outer loop
      vertex 107.142 103.357 0
      vertex 97.6168 109.625 0
      vertex 108.958 106.921 0
    endloop
  endfacet
  facet normal 0 0 -1
    outer loop
      vertex 95.9898 105.971 0
      vertex 97.6168 109.625 0
      vertex 107.142 103.357 0
    endloop
  endfacet
  facet normal 0 0 -1
    outer loop
      vertex 95.9898 105.971 0
      vertex 86.0083 112.03 0
      vertex 97.6168 109.625 0
    endloop
  endfacet
  facet normal 0 0 -1
    outer loop
      vertex 84.5748 108.295 0
      vertex 86.0083 112.03 0
      vertex 95.9898 105.971 0
    endloop
  endfacet
  facet normal 0 0 -1
    outer loop
      vertex 84.5748 108.295 0
      vertex 74.1641 114.127 0
      vertex 86.0083 112.03 0
    endloop
  endfacet
  facet normal 0 0 -1
    outer loop
      vertex 72.928 110.323 0
      vertex 74.1641 114.127 0
      vertex 84.5748 108.295 0
    endloop
  endfacet
  facet normal 0 0 -1
    outer loop
      vertex 72.928 110.323 0
      vertex 62.1166 115.911 0
      vertex 74.1641 114.127 0
    endloop
  endfacet
  facet normal 0 0 -1
    outer loop
      vertex 61.0813 112.047 0
      vertex 62.1166 115.911 0
      vertex 72.928 110.323 0
    endloop
  endfacet
  facet normal 0 0 -1
    outer loop
      vertex 61.0813 112.047 0
      vertex 49.8988 117.378 0
      vertex 62.1166 115.911 0
    endloop
  endfacet
  facet normal 0 0 -1
    outer loop
      vertex 49.0672 113.465 0
      vertex 49.8988 117.378 0
      vertex 61.0813 112.047 0
    endloop
  endfacet
  facet normal 0 0 -1
    outer loop
      vertex 49.0672 113.465 0
      vertex 37.5443 118.523 0
      vertex 49.8988 117.378 0
    endloop
  endfacet
  facet normal 0 0 -1
    outer loop
      vertex 36.9185 114.572 0
      vertex 37.5443 118.523 0
      vertex 49.0672 113.465 0
    endloop
  endfacet
  facet normal 0 0 -1
    outer loop
      vertex 36.9185 114.572 0
      vertex 25.0868 119.343 0
      vertex 37.5443 118.523 0
    endloop
  endfacet
  facet normal 0 0 -1
    outer loop
      vertex 24.6687 115.365 0
      vertex 25.0868 119.343 0
      vertex 36.9185 114.572 0
    endloop
  endfacet
  facet normal 0 0 -1
    outer loop
      vertex 24.6687 115.365 0
      vertex 12.5606 119.836 0
      vertex 25.0868 119.343 0
    endloop
  endfacet
  facet normal 0 0 -1
    outer loop
      vertex 12.3513 115.841 0
      vertex 12.5606 119.836 0
      vertex 24.6687 115.365 0
    endloop
  endfacet
  facet normal 0 0 -1
    outer loop
      vertex 8 118.021 0
      vertex 12.3513 115.841 0
      vertex 8 115.897 0
    endloop
  endfacet
  facet normal 0 0 -1
    outer loop
      vertex 12.3513 115.841 0
      vertex 8 118.021 0
      vertex 12.5606 119.836 0
    endloop
  endfacet
  facet normal 0 0 -1
    outer loop
      vertex 0.25 119.997 0
      vertex 8 118.021 0
      vertex 0.25 118.122 0
    endloop
  endfacet
  facet normal 0 0 -1
    outer loop
      vertex 8 118.021 0
      vertex 0.25 119.997 0
      vertex 12.5606 119.836 0
    endloop
  endfacet
  facet normal 0 0 -1
    outer loop
      vertex 228.254 -37.082 0
      vertex 224.959 -35 0
      vertex 229.487 -35 0
    endloop
  endfacet
  facet normal 0 0 -1
    outer loop
      vertex 228.254 -37.082 0
      vertex 224.449 -35.846 0
      vertex 224.959 -35 0
    endloop
  endfacet
  facet normal 0 0 -1
    outer loop
      vertex 224.059 -43.0042 0
      vertex 224.449 -35.846 0
      vertex 228.254 -37.082 0
    endloop
  endfacet
  facet normal 0 0 -1
    outer loop
      vertex 224.059 -43.0042 0
      vertex 220.325 -41.5707 0
      vertex 224.449 -35.846 0
    endloop
  endfacet
  facet normal 0 0 -1
    outer loop
      vertex 219.251 -48.8084 0
      vertex 220.325 -41.5707 0
      vertex 224.059 -43.0042 0
    endloop
  endfacet
  facet normal 0 0 -1
    outer loop
      vertex 219.251 -48.8084 0
      vertex 215.597 -47.1814 0
      vertex 220.325 -41.5707 0
    endloop
  endfacet
  facet normal 0 0 -1
    outer loop
      vertex 213.842 -54.4789 0
      vertex 215.597 -47.1814 0
      vertex 219.251 -48.8084 0
    endloop
  endfacet
  facet normal 0 0 -1
    outer loop
      vertex 213.842 -54.4789 0
      vertex 210.278 -52.6629 0
      vertex 215.597 -47.1814 0
    endloop
  endfacet
  facet normal 0 0 -1
    outer loop
      vertex 207.846 -60 0
      vertex 210.278 -52.6629 0
      vertex 213.842 -54.4789 0
    endloop
  endfacet
  facet normal 0 0 -1
    outer loop
      vertex 207.846 -60 0
      vertex 204.382 -58 0
      vertex 210.278 -52.6629 0
    endloop
  endfacet
  facet normal 0 0 -1
    outer loop
      vertex 201.281 -65.3567 0
      vertex 204.382 -58 0
      vertex 207.846 -60 0
    endloop
  endfacet
  facet normal 0 0 -1
    outer loop
      vertex 201.281 -65.3567 0
      vertex 197.926 -63.1781 0
      vertex 204.382 -58 0
    endloop
  endfacet
  facet normal 0 0 -1
    outer loop
      vertex 194.164 -70.5342 0
      vertex 197.926 -63.1781 0
      vertex 201.281 -65.3567 0
    endloop
  endfacet
  facet normal 0 0 -1
    outer loop
      vertex 194.164 -70.5342 0
      vertex 190.928 -68.1831 0
      vertex 197.926 -63.1781 0
    endloop
  endfacet
  facet normal 0 0 -1
    outer loop
      vertex 186.515 -75.5184 0
      vertex 190.928 -68.1831 0
      vertex 194.164 -70.5342 0
    endloop
  endfacet
  facet normal 0 0 -1
    outer loop
      vertex 186.515 -75.5184 0
      vertex 183.406 -73.0012 0
      vertex 190.928 -68.1831 0
    endloop
  endfacet
  facet normal 0 0 -1
    outer loop
      vertex 178.355 -80.2957 0
      vertex 183.406 -73.0012 0
      vertex 186.515 -75.5184 0
    endloop
  endfacet
  facet normal 0 0 -1
    outer loop
      vertex 178.355 -80.2957 0
      vertex 175.382 -77.6191 0
      vertex 183.406 -73.0012 0
    endloop
  endfacet
  facet normal 0 0 -1
    outer loop
      vertex 169.706 -84.8528 0
      vertex 175.382 -77.6191 0
      vertex 178.355 -80.2957 0
    endloop
  endfacet
  facet normal 0 0 -1
    outer loop
      vertex 169.706 -84.8528 0
      vertex 166.877 -82.0244 0
      vertex 175.382 -77.6191 0
    endloop
  endfacet
  facet normal 0 0 -1
    outer loop
      vertex 160.591 -89.1774 0
      vertex 166.877 -82.0244 0
      vertex 169.706 -84.8528 0
    endloop
  endfacet
  facet normal 0 0 -1
    outer loop
      vertex 160.591 -89.1774 0
      vertex 157.915 -86.2048 0
      vertex 166.877 -82.0244 0
    endloop
  endfacet
  facet normal 0 0 -1
    outer loop
      vertex 151.037 -93.2575 0
      vertex 157.915 -86.2048 0
      vertex 160.591 -89.1774 0
    endloop
  endfacet
  facet normal 0 0 -1
    outer loop
      vertex 151.037 -93.2575 0
      vertex 148.52 -90.1489 0
      vertex 157.915 -86.2048 0
    endloop
  endfacet
  facet normal 0 0 -1
    outer loop
      vertex 141.068 -97.082 0
      vertex 148.52 -90.1489 0
      vertex 151.037 -93.2575 0
    endloop
  endfacet
  facet normal 0 0 -1
    outer loop
      vertex 141.068 -97.082 0
      vertex 138.717 -93.846 0
      vertex 148.52 -90.1489 0
    endloop
  endfacet
  facet normal 0 0 -1
    outer loop
      vertex 130.713 -100.64 0
      vertex 138.717 -93.846 0
      vertex 141.068 -97.082 0
    endloop
  endfacet
  facet normal 0 0 -1
    outer loop
      vertex 130.713 -100.64 0
      vertex 128.535 -97.2858 0
      vertex 138.717 -93.846 0
    endloop
  endfacet
  facet normal 0 0 -1
    outer loop
      vertex 120 -103.923 0
      vertex 128.535 -97.2858 0
      vertex 130.713 -100.64 0
    endloop
  endfacet
  facet normal 0 0 -1
    outer loop
      vertex 120 -103.923 0
      vertex 118 -100.459 0
      vertex 128.535 -97.2858 0
    endloop
  endfacet
  facet normal 0 0 -1
    outer loop
      vertex 108.958 -106.921 0
      vertex 118 -100.459 0
      vertex 120 -103.923 0
    endloop
  endfacet
  facet normal 0 0 -1
    outer loop
      vertex 108.958 -106.921 0
      vertex 107.142 -103.357 0
      vertex 118 -100.459 0
    endloop
  endfacet
  facet normal 0 0 -1
    outer loop
      vertex 97.6168 -109.625 0
      vertex 107.142 -103.357 0
      vertex 108.958 -106.921 0
    endloop
  endfacet
  facet normal 0 0 -1
    outer loop
      vertex 97.6168 -109.625 0
      vertex 95.9898 -105.971 0
      vertex 107.142 -103.357 0
    endloop
  endfacet
  facet normal 0 0 -1
    outer loop
      vertex 86.0083 -112.03 0
      vertex 95.9898 -105.971 0
      vertex 97.6168 -109.625 0
    endloop
  endfacet
  facet normal 0 0 -1
    outer loop
      vertex 86.0083 -112.03 0
      vertex 84.5748 -108.295 0
      vertex 95.9898 -105.971 0
    endloop
  endfacet
  facet normal 0 0 -1
    outer loop
      vertex 74.1641 -114.127 0
      vertex 84.5748 -108.295 0
      vertex 86.0083 -112.03 0
    endloop
  endfacet
  facet normal 0 0 -1
    outer loop
      vertex 74.1641 -114.127 0
      vertex 72.928 -110.323 0
      vertex 84.5748 -108.295 0
    endloop
  endfacet
  facet normal 0 0 -1
    outer loop
      vertex 62.1166 -115.911 0
      vertex 72.928 -110.323 0
      vertex 74.1641 -114.127 0
    endloop
  endfacet
  facet normal 0 0 -1
    outer loop
      vertex 62.1166 -115.911 0
      vertex 61.0813 -112.047 0
      vertex 72.928 -110.323 0
    endloop
  endfacet
  facet normal 0 0 -1
    outer loop
      vertex 49.8988 -117.378 0
      vertex 61.0813 -112.047 0
      vertex 62.1166 -115.911 0
    endloop
  endfacet
  facet normal 0 0 -1
    outer loop
      vertex 49.8988 -117.378 0
      vertex 49.0672 -113.465 0
      vertex 61.0813 -112.047 0
    endloop
  endfacet
  facet normal 0 0 -1
    outer loop
      vertex 37.5443 -118.523 0
      vertex 49.0672 -113.465 0
      vertex 49.8988 -117.378 0
    endloop
  endfacet
  facet normal 0 0 -1
    outer loop
      vertex 37.5443 -118.523 0
      vertex 36.9185 -114.572 0
      vertex 49.0672 -113.465 0
    endloop
  endfacet
  facet normal 0 0 -1
    outer loop
      vertex 25.0868 -119.343 0
      vertex 36.9185 -114.572 0
      vertex 37.5443 -118.523 0
    endloop
  endfacet
  facet normal 0 0 -1
    outer loop
      vertex 25.0868 -119.343 0
      vertex 24.6687 -115.365 0
      vertex 36.9185 -114.572 0
    endloop
  endfacet
  facet normal 0 0 -1
    outer loop
      vertex 12.5606 -119.836 0
      vertex 24.6687 -115.365 0
      vertex 25.0868 -119.343 0
    endloop
  endfacet
  facet normal 0 0 -1
    outer loop
      vertex 12.5606 -119.836 0
      vertex 12.3513 -115.841 0
      vertex 24.6687 -115.365 0
    endloop
  endfacet
  facet normal 0 0 -1
    outer loop
      vertex 12.5606 -119.836 0
      vertex 8 -118.021 0
      vertex 12.3513 -115.841 0
    endloop
  endfacet
  facet normal 0 0 -1
    outer loop
      vertex 0.25 -119.997 0
      vertex 8 -118.021 0
      vertex 12.5606 -119.836 0
    endloop
  endfacet
  facet normal 0 0 -1
    outer loop
      vertex 8 -118.021 0
      vertex 0.25 -119.997 0
      vertex 0.25 -118.122 0
    endloop
  endfacet
  facet normal 0 0 -1
    outer loop
      vertex 12.3513 -115.841 0
      vertex 8 -118.021 0
      vertex 8 -115.897 0
    endloop
  endfacet
  facet normal 0.42865 -0.90347 0
    outer loop
      vertex 160.591 -89.1774 0
      vertex 169.706 -84.8528 0.00999928
      vertex 160.591 -89.1774 0.00999928
    endloop
  endfacet
  facet normal 0.42865 -0.90347 0
    outer loop
      vertex 169.706 -84.8528 0.00999928
      vertex 160.591 -89.1774 0
      vertex 169.706 -84.8528 0
    endloop
  endfacet
  facet normal 0.293001 -0.956112 0
    outer loop
      vertex 120 -103.923 0
      vertex 130.713 -100.64 0.00999928
      vertex 120 -103.923 0.00999928
    endloop
  endfacet
  facet normal 0.293001 -0.956112 0
    outer loop
      vertex 130.713 -100.64 0.00999928
      vertex 120 -103.923 0
      vertex 130.713 -100.64 0
    endloop
  endfacet
  facet normal -0.692219 -0.163126 -0.70301
    outer loop
      vertex 134.815 0.785039 100.99
      vertex 192.775 7.02599 42.4715
      vertex 135 0 100.99
    endloop
  endfacet
  facet normal -0.6922 -0.163235 -0.703003
    outer loop
      vertex 192.775 7.02599 42.4715
      vertex 134.815 0.785039 100.99
      vertex 193.065 7.3979 42.0996
    endloop
  endfacet
  facet normal -0.065081 0.714227 -0.696882
    outer loop
      vertex 84.9583 -11.6572 100.99
      vertex 49.0672 -113.465 0
      vertex 36.9185 -114.572 0
    endloop
  endfacet
  facet normal -0.193706 0.721931 -0.6643
    outer loop
      vertex 123.329 -6.10105 100.99
      vertex 126.033 -5.37552 100.99
      vertex 118 -100.459 0
    endloop
  endfacet
  facet normal -0.503739 0.556491 -0.66073
    outer loop
      vertex 210.278 -52.6629 0
      vertex 204.382 -58 0
      vertex 134.26 -1.56793 100.99
    endloop
  endfacet
  facet normal -0.225154 0.717798 -0.658841
    outer loop
      vertex 128.393 -4.63525 100.99
      vertex 128.535 -97.2858 0
      vertex 126.033 -5.37552 100.99
    endloop
  endfacet
  facet normal -0.131007 0.72235 -0.679005
    outer loop
      vertex 113.221 -8.16959 100.99
      vertex 116.913 -7.5 100.99
      vertex 84.5748 -108.295 0
    endloop
  endfacet
  facet normal -0.0678105 -0.714576 -0.696263
    outer loop
      vertex 90.3326 11.1472 100.99
      vertex 84.9583 11.6572 100.99
      vertex 49.0672 113.465 0
    endloop
  endfacet
  facet normal -0.0376228 0.70987 -0.703327
    outer loop
      vertex 54.9094 -13.7032 100.99
      vertex 61.2887 -13.3651 100.99
      vertex 24.6687 -115.365 0
    endloop
  endfacet
  facet normal -0.671202 -0.253153 -0.696707
    outer loop
      vertex 199.459 16.4922 33.0052
      vertex 196.251 11.6379 37.8596
      vertex 134.815 0.785039 100.99
    endloop
  endfacet
  facet normal -0.0145694 0.707539 -0.706524
    outer loop
      vertex 21.1187 -14.8153 100.99
      vertex 28.0681 -14.6722 100.99
      vertex 12.3513 -115.841 0
    endloop
  endfacet
  facet normal -0.598925 -0.424584 -0.678982
    outer loop
      vertex 134.26 1.56793 100.99
      vertex 207.203 29.1 19.4311
      vertex 134.815 0.785039 100.99
    endloop
  endfacet
  facet normal -0.600243 -0.422146 -0.679339
    outer loop
      vertex 207.203 29.1 19.4311
      vertex 134.26 1.56793 100.99
      vertex 207.442 29.3535 19.0624
    endloop
  endfacet
  facet normal -0.59663 -0.428786 -0.678363
    outer loop
      vertex 207.442 29.3535 19.0624
      vertex 134.26 1.56793 100.99
      vertex 207.499 29.4036 18.9806
    endloop
  endfacet
  facet normal -0.5938 -0.433983 -0.67754
    outer loop
      vertex 224.449 35.846 0
      vertex 221.971 34.8764 2.79279
      vertex 221.881 34.8699 2.87583
    endloop
  endfacet
  facet normal -0.0460419 0.711228 -0.701452
    outer loop
      vertex 67.5 -12.9904 100.99
      vertex 36.9185 -114.572 0
      vertex 24.6687 -115.365 0
    endloop
  endfacet
  facet normal -0.0484429 0.711508 -0.701006
    outer loop
      vertex 67.5 -12.9904 100.99
      vertex 73.5263 -12.5801 100.99
      vertex 36.9185 -114.572 0
    endloop
  endfacet
  facet normal -0.07547 0.715723 -0.694295
    outer loop
      vertex 90.3326 -11.1472 100.99
      vertex 95.4594 -10.6066 100.99
      vertex 49.0672 -113.465 0
    endloop
  endfacet
  facet normal -0.706566 0.0377269 -0.706641
    outer loop
      vertex 186.498 0 49.4975
      vertex 189.616 -3.29343 46.204
      vertex 135 0 100.99
    endloop
  endfacet
  facet normal -0.0543988 0.712357 -0.699706
    outer loop
      vertex 73.5263 -12.5801 100.99
      vertex 79.351 -12.1353 100.99
      vertex 36.9185 -114.572 0
    endloop
  endfacet
  facet normal -0.472028 -0.588519 -0.65638
    outer loop
      vertex 197.926 63.1781 0
      vertex 204.382 58 0
      vertex 133.338 2.34652 100.99
    endloop
  endfacet
  facet normal -0.390816 -0.6519 -0.649838
    outer loop
      vertex 183.406 73.0012 0
      vertex 133.338 2.34652 100.99
      vertex 132.05 3.11868 100.99
    endloop
  endfacet
  facet normal -0.350026 -0.675771 -0.648703
    outer loop
      vertex 166.877 82.0244 0
      vertex 175.382 77.6191 0
      vertex 132.05 3.11868 100.99
    endloop
  endfacet
  facet normal -0.409646 -0.639538 -0.650524
    outer loop
      vertex 183.406 73.0012 0
      vertex 190.928 68.1831 0
      vertex 133.338 2.34652 100.99
    endloop
  endfacet
  facet normal -0.131007 -0.72235 -0.679005
    outer loop
      vertex 116.913 7.5 100.99
      vertex 113.221 8.16959 100.99
      vertex 84.5748 108.295 0
    endloop
  endfacet
  facet normal -0.379421 0.659277 -0.649148
    outer loop
      vertex 183.406 -73.0012 0
      vertex 175.382 -77.6191 0
      vertex 132.05 -3.11868 100.99
    endloop
  endfacet
  facet normal -0.688353 0.184327 -0.701566
    outer loop
      vertex 193.065 -7.3979 42.0996
      vertex 196.251 -11.6379 37.8596
      vertex 134.815 -0.785039 100.99
    endloop
  endfacet
  facet normal -0.0326402 -0.709253 -0.704198
    outer loop
      vertex 54.9094 13.7032 100.99
      vertex 48.3797 14.0037 100.99
      vertex 24.6687 115.365 0
    endloop
  endfacet
  facet normal -0.6922 0.163235 -0.703003
    outer loop
      vertex 134.815 -0.785039 100.99
      vertex 192.775 -7.02599 42.4715
      vertex 193.065 -7.3979 42.0996
    endloop
  endfacet
  facet normal -0.692219 0.163126 -0.70301
    outer loop
      vertex 192.775 -7.02599 42.4715
      vertex 134.815 -0.785039 100.99
      vertex 135 0 100.99
    endloop
  endfacet
  facet normal -0.147248 0.723251 -0.674704
    outer loop
      vertex 116.913 -7.5 100.99
      vertex 95.9898 -105.971 0
      vertex 84.5748 -108.295 0
    endloop
  endfacet
  facet normal -0.147248 -0.723251 -0.674704
    outer loop
      vertex 95.9898 105.971 0
      vertex 116.913 7.5 100.99
      vertex 84.5748 108.295 0
    endloop
  endfacet
  facet normal -0.192714 0.722047 -0.664461
    outer loop
      vertex 123.329 -6.10105 100.99
      vertex 118 -100.459 0
      vertex 107.142 -103.357 0
    endloop
  endfacet
  facet normal -0.125737 0.722107 -0.680259
    outer loop
      vertex 113.221 -8.16959 100.99
      vertex 84.5748 -108.295 0
      vertex 72.928 -110.323 0
    endloop
  endfacet
  facet normal -0.168479 -0.723298 -0.669667
    outer loop
      vertex 123.329 6.10105 100.99
      vertex 120.286 6.80986 100.99
      vertex 95.9898 105.971 0
    endloop
  endfacet
  facet normal -0.11656 -0.721126 -0.682928
    outer loop
      vertex 113.221 8.16959 100.99
      vertex 109.217 8.81678 100.99
      vertex 72.928 110.323 0
    endloop
  endfacet
  facet normal -0.147982 0.723247 -0.674548
    outer loop
      vertex 116.913 -7.5 100.99
      vertex 120.286 -6.80986 100.99
      vertex 95.9898 -105.971 0
    endloop
  endfacet
  facet normal -0.0188787 0.707823 -0.706138
    outer loop
      vertex 28.0681 -14.6722 100.99
      vertex 34.9406 -14.4889 100.99
      vertex 12.3513 -115.841 0
    endloop
  endfacet
  facet normal -0.485574 0.575013 -0.658467
    outer loop
      vertex 134.26 -1.56793 100.99
      vertex 204.382 -58 0
      vertex 133.338 -2.34652 100.99
    endloop
  endfacet
  facet normal -0.267207 -0.708509 -0.653158
    outer loop
      vertex 138.717 93.846 0
      vertex 148.52 90.1489 0
      vertex 130.4 3.88229 100.99
    endloop
  endfacet
  facet normal -0.02739 0.708768 -0.70491
    outer loop
      vertex 41.7173 -14.2658 100.99
      vertex 24.6687 -115.365 0
      vertex 12.3513 -115.841 0
    endloop
  endfacet
  facet normal -0.11656 0.721126 -0.682928
    outer loop
      vertex 109.217 -8.81678 100.99
      vertex 113.221 -8.16959 100.99
      vertex 72.928 -110.323 0
    endloop
  endfacet
  facet normal -0.083954 -0.717146 -0.691848
    outer loop
      vertex 100.325 10.037 100.99
      vertex 95.4594 10.6066 100.99
      vertex 49.0672 113.465 0
    endloop
  endfacet
  facet normal -0.0428712 0.710664 -0.702225
    outer loop
      vertex 61.2887 -13.3651 100.99
      vertex 67.5 -12.9904 100.99
      vertex 24.6687 -115.365 0
    endloop
  endfacet
  facet normal -0.168479 0.723298 -0.669667
    outer loop
      vertex 120.286 -6.80986 100.99
      vertex 123.329 -6.10105 100.99
      vertex 95.9898 -105.971 0
    endloop
  endfacet
  facet normal -0.169538 0.723308 -0.66939
    outer loop
      vertex 123.329 -6.10105 100.99
      vertex 107.142 -103.357 0
      vertex 95.9898 -105.971 0
    endloop
  endfacet
  facet normal -0.409646 0.639538 -0.650524
    outer loop
      vertex 190.928 -68.1831 0
      vertex 183.406 -73.0012 0
      vertex 133.338 -2.34652 100.99
    endloop
  endfacet
  facet normal -0.5938 0.433983 -0.67754
    outer loop
      vertex 221.971 -34.8764 2.79279
      vertex 224.449 -35.846 0
      vertex 221.881 -34.8699 2.87583
    endloop
  endfacet
  facet normal -0.600243 0.422146 -0.679339
    outer loop
      vertex 134.26 -1.56793 100.99
      vertex 207.203 -29.1 19.4311
      vertex 207.442 -29.3535 19.0624
    endloop
  endfacet
  facet normal -0.59663 0.428786 -0.678363
    outer loop
      vertex 134.26 -1.56793 100.99
      vertex 207.442 -29.3535 19.0624
      vertex 207.499 -29.4036 18.9806
    endloop
  endfacet
  facet normal -0.598925 0.424584 -0.678982
    outer loop
      vertex 207.203 -29.1 19.4311
      vertex 134.26 -1.56793 100.99
      vertex 134.815 -0.785039 100.99
    endloop
  endfacet
  facet normal -0.0278843 -0.7088 -0.704859
    outer loop
      vertex 48.3797 14.0037 100.99
      vertex 41.7173 14.2658 100.99
      vertex 24.6687 115.365 0
    endloop
  endfacet
  facet normal -0.321482 0.689198 -0.64935
    outer loop
      vertex 166.877 -82.0244 0
      vertex 157.915 -86.2048 0
      vertex 132.05 -3.11868 100.99
    endloop
  endfacet
  facet normal -0.350026 0.675771 -0.648703
    outer loop
      vertex 175.382 -77.6191 0
      vertex 166.877 -82.0244 0
      vertex 132.05 -3.11868 100.99
    endloop
  endfacet
  facet normal -0.293905 -0.700094 -0.65076
    outer loop
      vertex 148.52 90.1489 0
      vertex 157.915 86.2048 0
      vertex 130.4 3.88229 100.99
    endloop
  endfacet
  facet normal -0.566438 0.477323 -0.671797
    outer loop
      vertex 220.325 -41.5707 0
      vertex 215.597 -47.1814 0
      vertex 134.26 -1.56793 100.99
    endloop
  endfacet
  facet normal -0.649575 -0.31724 -0.69095
    outer loop
      vertex 202.678 22.0874 27.41
      vertex 199.459 16.4922 33.0052
      vertex 134.815 0.785039 100.99
    endloop
  endfacet
  facet normal -0.0233168 0.708251 -0.705575
    outer loop
      vertex 34.9406 -14.4889 100.99
      vertex 41.7173 -14.2658 100.99
      vertex 12.3513 -115.841 0
    endloop
  endfacet
  facet normal -0.440628 0.616087 -0.652904
    outer loop
      vertex 197.926 -63.1781 0
      vertex 190.928 -68.1831 0
      vertex 133.338 -2.34652 100.99
    endloop
  endfacet
  facet normal -0.0103473 0.707393 -0.706745
    outer loop
      vertex 14.1113 -14.9178 100.99
      vertex 21.1187 -14.8153 100.99
      vertex 12.3513 -115.841 0
    endloop
  endfacet
  facet normal -0.321482 -0.689198 -0.64935
    outer loop
      vertex 157.915 86.2048 0
      vertex 166.877 82.0244 0
      vertex 132.05 3.11868 100.99
    endloop
  endfacet
  facet normal -0.0145694 -0.707539 -0.706524
    outer loop
      vertex 28.0681 14.6722 100.99
      vertex 21.1187 14.8153 100.99
      vertex 12.3513 115.841 0
    endloop
  endfacet
  facet normal -0.00910242 0.707391 -0.706764
    outer loop
      vertex 12.3513 -115.841 0
      vertex 8 -58.6945 57.2532
      vertex 14.1113 -14.9178 100.99
    endloop
  endfacet
  facet normal -0.00910392 0.707391 -0.706764
    outer loop
      vertex 8 -58.6945 57.2532
      vertex 12.3513 -115.841 0
      vertex 8 -115.897 0
    endloop
  endfacet
  facet normal -0.065081 -0.714227 -0.696882
    outer loop
      vertex 49.0672 113.465 0
      vertex 84.9583 11.6572 100.99
      vertex 36.9185 114.572 0
    endloop
  endfacet
  facet normal -0.0428712 -0.710664 -0.702225
    outer loop
      vertex 67.5 12.9904 100.99
      vertex 61.2887 13.3651 100.99
      vertex 24.6687 115.365 0
    endloop
  endfacet
  facet normal -0.10426 0.719913 -0.686188
    outer loop
      vertex 104.915 -9.43981 100.99
      vertex 109.217 -8.81678 100.99
      vertex 61.0813 -112.047 0
    endloop
  endfacet
  facet normal -0.472028 0.588519 -0.65638
    outer loop
      vertex 204.382 -58 0
      vertex 197.926 -63.1781 0
      vertex 133.338 -2.34652 100.99
    endloop
  endfacet
  facet normal -0.265928 -0.708826 -0.653336
    outer loop
      vertex 138.717 93.846 0
      vertex 130.4 3.88229 100.99
      vertex 128.393 4.63525 100.99
    endloop
  endfacet
  facet normal -0.10426 -0.719913 -0.686188
    outer loop
      vertex 109.217 8.81678 100.99
      vertex 104.915 9.43981 100.99
      vertex 61.0813 112.047 0
    endloop
  endfacet
  facet normal -0.193706 -0.721931 -0.6643
    outer loop
      vertex 126.033 5.37552 100.99
      vertex 123.329 6.10105 100.99
      vertex 118 100.459 0
    endloop
  endfacet
  facet normal -0.319349 0.690046 -0.649502
    outer loop
      vertex 132.05 -3.11868 100.99
      vertex 157.915 -86.2048 0
      vertex 130.4 -3.88229 100.99
    endloop
  endfacet
  facet normal -0.0846589 -0.717278 -0.691625
    outer loop
      vertex 61.0813 112.047 0
      vertex 100.325 10.037 100.99
      vertex 49.0672 113.465 0
    endloop
  endfacet
  facet normal -0.293905 0.700094 -0.65076
    outer loop
      vertex 157.915 -86.2048 0
      vertex 148.52 -90.1489 0
      vertex 130.4 -3.88229 100.99
    endloop
  endfacet
  facet normal -0.0608294 0.713425 -0.698086
    outer loop
      vertex 79.351 -12.1353 100.99
      vertex 84.9583 -11.6572 100.99
      vertex 36.9185 -114.572 0
    endloop
  endfacet
  facet normal -0.083954 0.717146 -0.691848
    outer loop
      vertex 95.4594 -10.6066 100.99
      vertex 100.325 -10.037 100.99
      vertex 49.0672 -113.465 0
    endloop
  endfacet
  facet normal -0.0326402 0.709253 -0.704198
    outer loop
      vertex 48.3797 -14.0037 100.99
      vertex 54.9094 -13.7032 100.99
      vertex 24.6687 -115.365 0
    endloop
  endfacet
  facet normal -0.0278843 0.7088 -0.704859
    outer loop
      vertex 41.7173 -14.2658 100.99
      vertex 48.3797 -14.0037 100.99
      vertex 24.6687 -115.365 0
    endloop
  endfacet
  facet normal -0.104778 0.719994 -0.686025
    outer loop
      vertex 109.217 -8.81678 100.99
      vertex 72.928 -110.323 0
      vertex 61.0813 -112.047 0
    endloop
  endfacet
  facet normal -0.390816 0.6519 -0.649838
    outer loop
      vertex 133.338 -2.34652 100.99
      vertex 183.406 -73.0012 0
      vertex 132.05 -3.11868 100.99
    endloop
  endfacet
  facet normal -0.535418 0.519545 -0.665883
    outer loop
      vertex 215.597 -47.1814 0
      vertex 210.278 -52.6629 0
      vertex 134.26 -1.56793 100.99
    endloop
  endfacet
  facet normal -0.596254 0.429533 -0.67822
    outer loop
      vertex 220.325 -41.5707 0
      vertex 221.881 -34.8699 2.87583
      vertex 224.449 -35.846 0
    endloop
  endfacet
  facet normal -0.596203 0.429539 -0.678261
    outer loop
      vertex 221.881 -34.8699 2.87583
      vertex 220.325 -41.5707 0
      vertex 221.035 -34.8083 3.65849
    endloop
  endfacet
  facet normal -0.596283 0.429517 -0.678205
    outer loop
      vertex 220.325 -41.5707 0
      vertex 219.141 -34.5691 5.4752
      vertex 221.035 -34.8083 3.65849
    endloop
  endfacet
  facet normal -0.596216 0.429555 -0.678239
    outer loop
      vertex 220.325 -41.5707 0
      vertex 217.332 -34.2352 7.2769
      vertex 219.141 -34.5691 5.4752
    endloop
  endfacet
  facet normal -0.596116 0.429634 -0.678277
    outer loop
      vertex 220.325 -41.5707 0
      vertex 215.613 -33.8074 9.05865
      vertex 217.332 -34.2352 7.2769
    endloop
  endfacet
  facet normal -0.596132 0.42962 -0.678273
    outer loop
      vertex 220.325 -41.5707 0
      vertex 213.989 -33.287 10.8156
      vertex 215.613 -33.8074 9.05865
    endloop
  endfacet
  facet normal -0.596353 0.429388 -0.678225
    outer loop
      vertex 220.325 -41.5707 0
      vertex 212.465 -32.6753 12.5429
      vertex 213.989 -33.287 10.8156
    endloop
  endfacet
  facet normal -0.595987 0.429798 -0.678287
    outer loop
      vertex 220.325 -41.5707 0
      vertex 211.044 -31.9741 14.2358
      vertex 212.465 -32.6753 12.5429
    endloop
  endfacet
  facet normal -0.596344 0.42938 -0.678238
    outer loop
      vertex 220.325 -41.5707 0
      vertex 209.731 -31.1852 15.8897
      vertex 211.044 -31.9741 14.2358
    endloop
  endfacet
  facet normal -0.596209 0.429542 -0.678254
    outer loop
      vertex 220.325 -41.5707 0
      vertex 208.529 -30.3109 17.5
      vertex 209.731 -31.1852 15.8897
    endloop
  endfacet
  facet normal -0.596235 0.429511 -0.678251
    outer loop
      vertex 134.26 -1.56793 100.99
      vertex 208.529 -30.3109 17.5
      vertex 220.325 -41.5707 0
    endloop
  endfacet
  facet normal -0.595836 0.430232 -0.678144
    outer loop
      vertex 208.529 -30.3109 17.5
      vertex 134.26 -1.56793 100.99
      vertex 207.499 -29.4036 18.9806
    endloop
  endfacet
  facet normal -0.503739 -0.556491 -0.66073
    outer loop
      vertex 204.382 58 0
      vertex 210.278 52.6629 0
      vertex 134.26 1.56793 100.99
    endloop
  endfacet
  facet normal -0.688353 -0.184327 -0.701566
    outer loop
      vertex 196.251 11.6379 37.8596
      vertex 193.065 7.3979 42.0996
      vertex 134.815 0.785039 100.99
    endloop
  endfacet
  facet normal -0.671202 0.253153 -0.696707
    outer loop
      vertex 196.251 -11.6379 37.8596
      vertex 199.459 -16.4922 33.0052
      vertex 134.815 -0.785039 100.99
    endloop
  endfacet
  facet normal -0.624167 -0.376385 -0.684653
    outer loop
      vertex 206.424 28.3156 20.5725
      vertex 134.815 0.785039 100.99
      vertex 207.203 29.1 19.4311
    endloop
  endfacet
  facet normal -0.624204 -0.376311 -0.68466
    outer loop
      vertex 205.502 27.2001 22.0262
      vertex 134.815 0.785039 100.99
      vertex 206.424 28.3156 20.5725
    endloop
  endfacet
  facet normal -0.624221 -0.376275 -0.684664
    outer loop
      vertex 204.691 26.0101 23.4196
      vertex 134.815 0.785039 100.99
      vertex 205.502 27.2001 22.0262
    endloop
  endfacet
  facet normal -0.624381 -0.375945 -0.6847
    outer loop
      vertex 203.993 24.7487 24.7487
      vertex 134.815 0.785039 100.99
      vertex 204.691 26.0101 23.4196
    endloop
  endfacet
  facet normal -0.624253 -0.376213 -0.684669
    outer loop
      vertex 134.815 0.785039 100.99
      vertex 203.993 24.7487 24.7487
      vertex 202.678 22.0874 27.41
    endloop
  endfacet
  facet normal -0.624242 -0.376316 -0.684622
    outer loop
      vertex 222.979 34.952 1.83176
      vertex 224.449 35.846 0
      vertex 224.959 35 0
    endloop
  endfacet
  facet normal -0.624532 -0.375839 -0.684621
    outer loop
      vertex 224.449 35.846 0
      vertex 222.979 34.952 1.83176
      vertex 221.971 34.8764 2.79279
    endloop
  endfacet
  facet normal -0.319349 -0.690046 -0.649502
    outer loop
      vertex 157.915 86.2048 0
      vertex 132.05 3.11868 100.99
      vertex 130.4 3.88229 100.99
    endloop
  endfacet
  facet normal -0.125737 -0.722107 -0.680259
    outer loop
      vertex 84.5748 108.295 0
      vertex 113.221 8.16959 100.99
      vertex 72.928 110.323 0
    endloop
  endfacet
  facet normal -0.07547 -0.715723 -0.694295
    outer loop
      vertex 95.4594 10.6066 100.99
      vertex 90.3326 11.1472 100.99
      vertex 49.0672 113.465 0
    endloop
  endfacet
  facet normal -0.0188787 -0.707823 -0.706138
    outer loop
      vertex 34.9406 14.4889 100.99
      vertex 28.0681 14.6722 100.99
      vertex 12.3513 115.841 0
    endloop
  endfacet
  facet normal -0.0460419 -0.711228 -0.701452
    outer loop
      vertex 36.9185 114.572 0
      vertex 67.5 12.9904 100.99
      vertex 24.6687 115.365 0
    endloop
  endfacet
  facet normal -0.216665 0.719325 -0.660021
    outer loop
      vertex 126.033 -5.37552 100.99
      vertex 128.535 -97.2858 0
      vertex 118 -100.459 0
    endloop
  endfacet
  facet normal -0.379421 -0.659277 -0.649148
    outer loop
      vertex 175.382 77.6191 0
      vertex 183.406 73.0012 0
      vertex 132.05 3.11868 100.99
    endloop
  endfacet
  facet normal -0.440628 -0.616087 -0.652904
    outer loop
      vertex 190.928 68.1831 0
      vertex 197.926 63.1781 0
      vertex 133.338 2.34652 100.99
    endloop
  endfacet
  facet normal -0.00619105 0.707203 -0.706983
    outer loop
      vertex 8 -14.9713 100.99
      vertex 14.1113 -14.9178 100.99
      vertex 8 -58.6945 57.2532
    endloop
  endfacet
  facet normal -0.104778 -0.719994 -0.686025
    outer loop
      vertex 72.928 110.323 0
      vertex 109.217 8.81678 100.99
      vertex 61.0813 112.047 0
    endloop
  endfacet
  facet normal -0.0233168 -0.708251 -0.705575
    outer loop
      vertex 41.7173 14.2658 100.99
      vertex 34.9406 14.4889 100.99
      vertex 12.3513 115.841 0
    endloop
  endfacet
  facet normal -0.02739 -0.708768 -0.70491
    outer loop
      vertex 24.6687 115.365 0
      vertex 41.7173 14.2658 100.99
      vertex 12.3513 115.841 0
    endloop
  endfacet
  facet normal -0.485574 -0.575013 -0.658467
    outer loop
      vertex 204.382 58 0
      vertex 134.26 1.56793 100.99
      vertex 133.338 2.34652 100.99
    endloop
  endfacet
  facet normal -0.0678105 0.714576 -0.696263
    outer loop
      vertex 84.9583 -11.6572 100.99
      vertex 90.3326 -11.1472 100.99
      vertex 49.0672 -113.465 0
    endloop
  endfacet
  facet normal -0.0934679 0.718394 -0.689329
    outer loop
      vertex 100.325 -10.037 100.99
      vertex 104.915 -9.43981 100.99
      vertex 61.0813 -112.047 0
    endloop
  endfacet
  facet normal -0.596203 -0.429539 -0.678261
    outer loop
      vertex 220.325 41.5707 0
      vertex 221.881 34.8699 2.87583
      vertex 221.035 34.8083 3.65849
    endloop
  endfacet
  facet normal -0.596254 -0.429533 -0.67822
    outer loop
      vertex 221.881 34.8699 2.87583
      vertex 220.325 41.5707 0
      vertex 224.449 35.846 0
    endloop
  endfacet
  facet normal -0.596283 -0.429517 -0.678205
    outer loop
      vertex 219.141 34.5691 5.4752
      vertex 220.325 41.5707 0
      vertex 221.035 34.8083 3.65849
    endloop
  endfacet
  facet normal -0.596216 -0.429555 -0.678239
    outer loop
      vertex 217.332 34.2352 7.2769
      vertex 220.325 41.5707 0
      vertex 219.141 34.5691 5.4752
    endloop
  endfacet
  facet normal -0.596116 -0.429634 -0.678277
    outer loop
      vertex 215.613 33.8074 9.05865
      vertex 220.325 41.5707 0
      vertex 217.332 34.2352 7.2769
    endloop
  endfacet
  facet normal -0.596132 -0.42962 -0.678273
    outer loop
      vertex 213.989 33.287 10.8156
      vertex 220.325 41.5707 0
      vertex 215.613 33.8074 9.05865
    endloop
  endfacet
  facet normal -0.596353 -0.429388 -0.678225
    outer loop
      vertex 212.465 32.6753 12.5429
      vertex 220.325 41.5707 0
      vertex 213.989 33.287 10.8156
    endloop
  endfacet
  facet normal -0.595987 -0.429798 -0.678287
    outer loop
      vertex 211.044 31.9741 14.2358
      vertex 220.325 41.5707 0
      vertex 212.465 32.6753 12.5429
    endloop
  endfacet
  facet normal -0.596344 -0.42938 -0.678238
    outer loop
      vertex 209.731 31.1852 15.8897
      vertex 220.325 41.5707 0
      vertex 211.044 31.9741 14.2358
    endloop
  endfacet
  facet normal -0.596209 -0.429542 -0.678254
    outer loop
      vertex 208.529 30.3109 17.5
      vertex 220.325 41.5707 0
      vertex 209.731 31.1852 15.8897
    endloop
  endfacet
  facet normal -0.595836 -0.430232 -0.678144
    outer loop
      vertex 134.26 1.56793 100.99
      vertex 208.529 30.3109 17.5
      vertex 207.499 29.4036 18.9806
    endloop
  endfacet
  facet normal -0.596235 -0.429511 -0.678251
    outer loop
      vertex 208.529 30.3109 17.5
      vertex 134.26 1.56793 100.99
      vertex 220.325 41.5707 0
    endloop
  endfacet
  facet normal -0.0543988 -0.712357 -0.699706
    outer loop
      vertex 79.351 12.1353 100.99
      vertex 73.5263 12.5801 100.99
      vertex 36.9185 114.572 0
    endloop
  endfacet
  facet normal -0.0846589 0.717278 -0.691625
    outer loop
      vertex 100.325 -10.037 100.99
      vertex 61.0813 -112.047 0
      vertex 49.0672 -113.465 0
    endloop
  endfacet
  facet normal -0.0103473 -0.707393 -0.706745
    outer loop
      vertex 21.1187 14.8153 100.99
      vertex 14.1113 14.9178 100.99
      vertex 12.3513 115.841 0
    endloop
  endfacet
  facet normal -0.00910392 -0.707391 -0.706764
    outer loop
      vertex 12.3513 115.841 0
      vertex 8 58.6945 57.2532
      vertex 8 115.897 0
    endloop
  endfacet
  facet normal -0.00910242 -0.707391 -0.706764
    outer loop
      vertex 8 58.6945 57.2532
      vertex 12.3513 115.841 0
      vertex 14.1113 14.9178 100.99
    endloop
  endfacet
  facet normal -0.147982 -0.723247 -0.674548
    outer loop
      vertex 120.286 6.80986 100.99
      vertex 116.913 7.5 100.99
      vertex 95.9898 105.971 0
    endloop
  endfacet
  facet normal -0.0484429 -0.711508 -0.701006
    outer loop
      vertex 73.5263 12.5801 100.99
      vertex 67.5 12.9904 100.99
      vertex 36.9185 114.572 0
    endloop
  endfacet
  facet normal -0.0608294 -0.713425 -0.698086
    outer loop
      vertex 84.9583 11.6572 100.99
      vertex 79.351 12.1353 100.99
      vertex 36.9185 114.572 0
    endloop
  endfacet
  facet normal -0.169538 -0.723308 -0.66939
    outer loop
      vertex 107.142 103.357 0
      vertex 123.329 6.10105 100.99
      vertex 95.9898 105.971 0
    endloop
  endfacet
  facet normal -0.192714 -0.722047 -0.664461
    outer loop
      vertex 118 100.459 0
      vertex 123.329 6.10105 100.99
      vertex 107.142 103.357 0
    endloop
  endfacet
  facet normal -0.267207 0.708509 -0.653158
    outer loop
      vertex 148.52 -90.1489 0
      vertex 138.717 -93.846 0
      vertex 130.4 -3.88229 100.99
    endloop
  endfacet
  facet normal -0.0934679 -0.718394 -0.689329
    outer loop
      vertex 104.915 9.43981 100.99
      vertex 100.325 10.037 100.99
      vertex 61.0813 112.047 0
    endloop
  endfacet
  facet normal -0.0376228 -0.70987 -0.703327
    outer loop
      vertex 61.2887 13.3651 100.99
      vertex 54.9094 13.7032 100.99
      vertex 24.6687 115.365 0
    endloop
  endfacet
  facet normal -0.700355 -0.112178 -0.704925
    outer loop
      vertex 192.775 7.02599 42.4715
      vertex 189.616 3.29343 46.204
      vertex 135 0 100.99
    endloop
  endfacet
  facet normal -0.700355 0.112178 -0.704925
    outer loop
      vertex 189.616 -3.29343 46.204
      vertex 192.775 -7.02599 42.4715
      vertex 135 0 100.99
    endloop
  endfacet
  facet normal -0.566438 -0.477323 -0.671797
    outer loop
      vertex 215.597 47.1814 0
      vertex 220.325 41.5707 0
      vertex 134.26 1.56793 100.99
    endloop
  endfacet
  facet normal 0 0 -1
    outer loop
      vertex 134.815 -0.785039 100.99
      vertex 134.815 0.785039 100.99
      vertex 135 0 100.99
    endloop
  endfacet
  facet normal 0 0 -1
    outer loop
      vertex 134.26 -1.56793 100.99
      vertex 134.815 0.785039 100.99
      vertex 134.815 -0.785039 100.99
    endloop
  endfacet
  facet normal 0 0 -1
    outer loop
      vertex 134.26 -1.56793 100.99
      vertex 134.26 1.56793 100.99
      vertex 134.815 0.785039 100.99
    endloop
  endfacet
  facet normal 0 0 -1
    outer loop
      vertex 133.338 -2.34652 100.99
      vertex 134.26 1.56793 100.99
      vertex 134.26 -1.56793 100.99
    endloop
  endfacet
  facet normal 0 0 -1
    outer loop
      vertex 133.338 -2.34652 100.99
      vertex 133.338 2.34652 100.99
      vertex 134.26 1.56793 100.99
    endloop
  endfacet
  facet normal 0 0 -1
    outer loop
      vertex 132.05 -3.11868 100.99
      vertex 133.338 2.34652 100.99
      vertex 133.338 -2.34652 100.99
    endloop
  endfacet
  facet normal 0 0 -1
    outer loop
      vertex 132.05 -3.11868 100.99
      vertex 132.05 3.11868 100.99
      vertex 133.338 2.34652 100.99
    endloop
  endfacet
  facet normal 0 0 -1
    outer loop
      vertex 130.4 -3.88229 100.99
      vertex 132.05 3.11868 100.99
      vertex 132.05 -3.11868 100.99
    endloop
  endfacet
  facet normal 0 0 -1
    outer loop
      vertex 130.4 -3.88229 100.99
      vertex 130.4 3.88229 100.99
      vertex 132.05 3.11868 100.99
    endloop
  endfacet
  facet normal 0 0 -1
    outer loop
      vertex 128.393 -4.63525 100.99
      vertex 130.4 3.88229 100.99
      vertex 130.4 -3.88229 100.99
    endloop
  endfacet
  facet normal 0 0 -1
    outer loop
      vertex 128.393 -4.63525 100.99
      vertex 128.393 4.63525 100.99
      vertex 130.4 3.88229 100.99
    endloop
  endfacet
  facet normal 0 0 -1
    outer loop
      vertex 126.033 -5.37552 100.99
      vertex 128.393 4.63525 100.99
      vertex 128.393 -4.63525 100.99
    endloop
  endfacet
  facet normal 0 0 -1
    outer loop
      vertex 126.033 -5.37552 100.99
      vertex 126.033 5.37552 100.99
      vertex 128.393 4.63525 100.99
    endloop
  endfacet
  facet normal 0 0 -1
    outer loop
      vertex 123.329 -6.10105 100.99
      vertex 126.033 5.37552 100.99
      vertex 126.033 -5.37552 100.99
    endloop
  endfacet
  facet normal 0 0 -1
    outer loop
      vertex 123.329 -6.10105 100.99
      vertex 123.329 6.10105 100.99
      vertex 126.033 5.37552 100.99
    endloop
  endfacet
  facet normal 0 0 -1
    outer loop
      vertex 120.286 -6.80986 100.99
      vertex 123.329 6.10105 100.99
      vertex 123.329 -6.10105 100.99
    endloop
  endfacet
  facet normal 0 0 -1
    outer loop
      vertex 120.286 -6.80986 100.99
      vertex 120.286 6.80986 100.99
      vertex 123.329 6.10105 100.99
    endloop
  endfacet
  facet normal 0 0 -1
    outer loop
      vertex 116.913 -7.5 100.99
      vertex 120.286 6.80986 100.99
      vertex 120.286 -6.80986 100.99
    endloop
  endfacet
  facet normal 0 0 -1
    outer loop
      vertex 116.913 -7.5 100.99
      vertex 116.913 7.5 100.99
      vertex 120.286 6.80986 100.99
    endloop
  endfacet
  facet normal 0 0 -1
    outer loop
      vertex 113.221 -8.16959 100.99
      vertex 116.913 7.5 100.99
      vertex 116.913 -7.5 100.99
    endloop
  endfacet
  facet normal 0 0 -1
    outer loop
      vertex 113.221 -8.16959 100.99
      vertex 113.221 8.16959 100.99
      vertex 116.913 7.5 100.99
    endloop
  endfacet
  facet normal 0 0 -1
    outer loop
      vertex 109.217 -8.81678 100.99
      vertex 113.221 8.16959 100.99
      vertex 113.221 -8.16959 100.99
    endloop
  endfacet
  facet normal 0 0 -1
    outer loop
      vertex 109.217 -8.81678 100.99
      vertex 109.217 8.81678 100.99
      vertex 113.221 8.16959 100.99
    endloop
  endfacet
  facet normal 0 0 -1
    outer loop
      vertex 104.915 -9.43981 100.99
      vertex 109.217 8.81678 100.99
      vertex 109.217 -8.81678 100.99
    endloop
  endfacet
  facet normal 0 0 -1
    outer loop
      vertex 104.915 -9.43981 100.99
      vertex 104.915 9.43981 100.99
      vertex 109.217 8.81678 100.99
    endloop
  endfacet
  facet normal 0 0 -1
    outer loop
      vertex 100.325 -10.037 100.99
      vertex 104.915 9.43981 100.99
      vertex 104.915 -9.43981 100.99
    endloop
  endfacet
  facet normal 0 0 -1
    outer loop
      vertex 100.325 -10.037 100.99
      vertex 100.325 10.037 100.99
      vertex 104.915 9.43981 100.99
    endloop
  endfacet
  facet normal 0 0 -1
    outer loop
      vertex 95.4594 -10.6066 100.99
      vertex 100.325 10.037 100.99
      vertex 100.325 -10.037 100.99
    endloop
  endfacet
  facet normal 0 0 -1
    outer loop
      vertex 95.4594 -10.6066 100.99
      vertex 95.4594 10.6066 100.99
      vertex 100.325 10.037 100.99
    endloop
  endfacet
  facet normal 0 0 -1
    outer loop
      vertex 90.3326 -11.1472 100.99
      vertex 95.4594 10.6066 100.99
      vertex 95.4594 -10.6066 100.99
    endloop
  endfacet
  facet normal 0 0 -1
    outer loop
      vertex 90.3326 -11.1472 100.99
      vertex 90.3326 11.1472 100.99
      vertex 95.4594 10.6066 100.99
    endloop
  endfacet
  facet normal 0 0 -1
    outer loop
      vertex 84.9583 -11.6572 100.99
      vertex 90.3326 11.1472 100.99
      vertex 90.3326 -11.1472 100.99
    endloop
  endfacet
  facet normal 0 0 -1
    outer loop
      vertex 84.9583 -11.6572 100.99
      vertex 84.9583 11.6572 100.99
      vertex 90.3326 11.1472 100.99
    endloop
  endfacet
  facet normal 0 0 -1
    outer loop
      vertex 79.351 -12.1353 100.99
      vertex 84.9583 11.6572 100.99
      vertex 84.9583 -11.6572 100.99
    endloop
  endfacet
  facet normal 0 0 -1
    outer loop
      vertex 79.351 -12.1353 100.99
      vertex 79.351 12.1353 100.99
      vertex 84.9583 11.6572 100.99
    endloop
  endfacet
  facet normal 0 0 -1
    outer loop
      vertex 73.5263 -12.5801 100.99
      vertex 79.351 12.1353 100.99
      vertex 79.351 -12.1353 100.99
    endloop
  endfacet
  facet normal 0 0 -1
    outer loop
      vertex 73.5263 -12.5801 100.99
      vertex 73.5263 12.5801 100.99
      vertex 79.351 12.1353 100.99
    endloop
  endfacet
  facet normal 0 0 -1
    outer loop
      vertex 67.5 -12.9904 100.99
      vertex 73.5263 12.5801 100.99
      vertex 73.5263 -12.5801 100.99
    endloop
  endfacet
  facet normal 0 0 -1
    outer loop
      vertex 67.5 -12.9904 100.99
      vertex 67.5 12.9904 100.99
      vertex 73.5263 12.5801 100.99
    endloop
  endfacet
  facet normal 0 0 -1
    outer loop
      vertex 61.2887 -13.3651 100.99
      vertex 67.5 12.9904 100.99
      vertex 67.5 -12.9904 100.99
    endloop
  endfacet
  facet normal 0 0 -1
    outer loop
      vertex 61.2887 -13.3651 100.99
      vertex 61.2887 13.3651 100.99
      vertex 67.5 12.9904 100.99
    endloop
  endfacet
  facet normal 0 0 -1
    outer loop
      vertex 54.9094 -13.7032 100.99
      vertex 61.2887 13.3651 100.99
      vertex 61.2887 -13.3651 100.99
    endloop
  endfacet
  facet normal 0 0 -1
    outer loop
      vertex 54.9094 -13.7032 100.99
      vertex 54.9094 13.7032 100.99
      vertex 61.2887 13.3651 100.99
    endloop
  endfacet
  facet normal 0 0 -1
    outer loop
      vertex 48.3797 -14.0037 100.99
      vertex 54.9094 13.7032 100.99
      vertex 54.9094 -13.7032 100.99
    endloop
  endfacet
  facet normal 0 0 -1
    outer loop
      vertex 48.3797 -14.0037 100.99
      vertex 48.3797 14.0037 100.99
      vertex 54.9094 13.7032 100.99
    endloop
  endfacet
  facet normal 0 0 -1
    outer loop
      vertex 41.7173 -14.2658 100.99
      vertex 48.3797 14.0037 100.99
      vertex 48.3797 -14.0037 100.99
    endloop
  endfacet
  facet normal 0 0 -1
    outer loop
      vertex 41.7173 -14.2658 100.99
      vertex 41.7173 14.2658 100.99
      vertex 48.3797 14.0037 100.99
    endloop
  endfacet
  facet normal 0 0 -1
    outer loop
      vertex 34.9406 -14.4889 100.99
      vertex 41.7173 14.2658 100.99
      vertex 41.7173 -14.2658 100.99
    endloop
  endfacet
  facet normal 0 0 -1
    outer loop
      vertex 34.9406 -14.4889 100.99
      vertex 34.9406 14.4889 100.99
      vertex 41.7173 14.2658 100.99
    endloop
  endfacet
  facet normal 0 0 -1
    outer loop
      vertex 28.0681 -14.6722 100.99
      vertex 34.9406 14.4889 100.99
      vertex 34.9406 -14.4889 100.99
    endloop
  endfacet
  facet normal 0 0 -1
    outer loop
      vertex 28.0681 -14.6722 100.99
      vertex 28.0681 14.6722 100.99
      vertex 34.9406 14.4889 100.99
    endloop
  endfacet
  facet normal 0 0 -1
    outer loop
      vertex 21.1187 -14.8153 100.99
      vertex 28.0681 14.6722 100.99
      vertex 28.0681 -14.6722 100.99
    endloop
  endfacet
  facet normal 0 0 -1
    outer loop
      vertex 21.1187 -14.8153 100.99
      vertex 21.1187 14.8153 100.99
      vertex 28.0681 14.6722 100.99
    endloop
  endfacet
  facet normal 0 0 -1
    outer loop
      vertex 14.1113 -14.9178 100.99
      vertex 21.1187 14.8153 100.99
      vertex 21.1187 -14.8153 100.99
    endloop
  endfacet
  facet normal 0 0 -1
    outer loop
      vertex 14.1113 -14.9178 100.99
      vertex 14.1113 14.9178 100.99
      vertex 21.1187 14.8153 100.99
    endloop
  endfacet
  facet normal 0 0 -1
    outer loop
      vertex 8 -14.9713 100.99
      vertex 14.1113 14.9178 100.99
      vertex 14.1113 -14.9178 100.99
    endloop
  endfacet
  facet normal -0 0 -1
    outer loop
      vertex 14.1113 14.9178 100.99
      vertex 8 -14.9713 100.99
      vertex 8 14.9713 100.99
    endloop
  endfacet
  facet normal -0.216665 -0.719325 -0.660021
    outer loop
      vertex 128.535 97.2858 0
      vertex 126.033 5.37552 100.99
      vertex 118 100.459 0
    endloop
  endfacet
  facet normal -0.225154 -0.717798 -0.658841
    outer loop
      vertex 128.535 97.2858 0
      vertex 128.393 4.63525 100.99
      vertex 126.033 5.37552 100.99
    endloop
  endfacet
  facet normal -0.00619105 -0.707203 -0.706983
    outer loop
      vertex 8 58.6945 57.2532
      vertex 14.1113 14.9178 100.99
      vertex 8 14.9713 100.99
    endloop
  endfacet
  facet normal -0.649575 0.31724 -0.69095
    outer loop
      vertex 199.459 -16.4922 33.0052
      vertex 202.678 -22.0874 27.41
      vertex 134.815 -0.785039 100.99
    endloop
  endfacet
  facet normal -0.624242 0.376316 -0.684622
    outer loop
      vertex 224.449 -35.846 0
      vertex 222.979 -34.952 1.83176
      vertex 224.959 -35 0
    endloop
  endfacet
  facet normal -0.624532 0.375839 -0.684621
    outer loop
      vertex 222.979 -34.952 1.83176
      vertex 224.449 -35.846 0
      vertex 221.971 -34.8764 2.79279
    endloop
  endfacet
  facet normal -0.624253 0.376213 -0.684669
    outer loop
      vertex 203.993 -24.7487 24.7487
      vertex 134.815 -0.785039 100.99
      vertex 202.678 -22.0874 27.41
    endloop
  endfacet
  facet normal -0.624381 0.375945 -0.6847
    outer loop
      vertex 204.691 -26.0101 23.4196
      vertex 134.815 -0.785039 100.99
      vertex 203.993 -24.7487 24.7487
    endloop
  endfacet
  facet normal -0.624221 0.376275 -0.684664
    outer loop
      vertex 205.502 -27.2001 22.0262
      vertex 134.815 -0.785039 100.99
      vertex 204.691 -26.0101 23.4196
    endloop
  endfacet
  facet normal -0.624204 0.376311 -0.68466
    outer loop
      vertex 206.424 -28.3156 20.5725
      vertex 134.815 -0.785039 100.99
      vertex 205.502 -27.2001 22.0262
    endloop
  endfacet
  facet normal -0.624167 0.376385 -0.684653
    outer loop
      vertex 134.815 -0.785039 100.99
      vertex 206.424 -28.3156 20.5725
      vertex 207.203 -29.1 19.4311
    endloop
  endfacet
  facet normal -0.265928 0.708826 -0.653336
    outer loop
      vertex 130.4 -3.88229 100.99
      vertex 138.717 -93.846 0
      vertex 128.393 -4.63525 100.99
    endloop
  endfacet
  facet normal -0.241514 0.714894 -0.6562
    outer loop
      vertex 138.717 -93.846 0
      vertex 128.535 -97.2858 0
      vertex 128.393 -4.63525 100.99
    endloop
  endfacet
  facet normal -0.706566 -0.0377269 -0.706641
    outer loop
      vertex 189.616 3.29343 46.204
      vertex 186.498 0 49.4975
      vertex 135 0 100.99
    endloop
  endfacet
  facet normal -0.535418 -0.519545 -0.665883
    outer loop
      vertex 210.278 52.6629 0
      vertex 215.597 47.1814 0
      vertex 134.26 1.56793 100.99
    endloop
  endfacet
  facet normal -0.241514 -0.714894 -0.6562
    outer loop
      vertex 128.535 97.2858 0
      vertex 138.717 93.846 0
      vertex 128.393 4.63525 100.99
    endloop
  endfacet
  facet normal -1 0 0
    outer loop
      vertex 8 115.897 0
      vertex 8 59.6148 58.4579
      vertex 8 118.021 0
    endloop
  endfacet
  facet normal -1 0 0
    outer loop
      vertex 8 58.6945 57.2532
      vertex 8 59.6148 58.4579
      vertex 8 115.897 0
    endloop
  endfacet
  facet normal -1 0 0
    outer loop
      vertex 8 14.9713 100.99
      vertex 8 59.6148 58.4579
      vertex 8 58.6945 57.2532
    endloop
  endfacet
  facet normal -1 0 0
    outer loop
      vertex 8 14.9713 100.99
      vertex 8 14.9713 103.115
      vertex 8 59.6148 58.4579
    endloop
  endfacet
  facet normal -1 0 0
    outer loop
      vertex 8 -14.9713 100.99
      vertex 8 14.9713 103.115
      vertex 8 14.9713 100.99
    endloop
  endfacet
  facet normal -1 0 0
    outer loop
      vertex 8 -14.9713 100.99
      vertex 8 -14.9713 103.115
      vertex 8 14.9713 103.115
    endloop
  endfacet
  facet normal -1 0 0
    outer loop
      vertex 8 -59.6148 58.4579
      vertex 8 -14.9713 100.99
      vertex 8 -58.6945 57.2532
    endloop
  endfacet
  facet normal -1 -0 0
    outer loop
      vertex 8 -14.9713 100.99
      vertex 8 -59.6148 58.4579
      vertex 8 -14.9713 103.115
    endloop
  endfacet
  facet normal -1 0 0
    outer loop
      vertex 8 -115.897 0
      vertex 8 -59.6148 58.4579
      vertex 8 -58.6945 57.2532
    endloop
  endfacet
  facet normal -1 0 0
    outer loop
      vertex 8 -59.6148 58.4579
      vertex 8 -115.897 0
      vertex 8 -118.021 0
    endloop
  endfacet
  facet normal 0.00206456 -0.707072 0.707139
    outer loop
      vertex 0.25 -14.9993 105
      vertex 0.25 -116.284 3.72496
      vertex 7.06535 -14.9794 105
    endloop
  endfacet
  facet normal 0.00206456 0.707072 0.707139
    outer loop
      vertex 0.25 116.284 3.72496
      vertex 0.25 14.9993 105
      vertex 7.06535 14.9794 105
    endloop
  endfacet
  facet normal -0.0111034 0.707456 -0.70667
    outer loop
      vertex 8 -59.6148 58.4579
      vertex 4.25882 -105.115 12.9659
      vertex 4 -105.085 13
    endloop
  endfacet
  facet normal -0.00827632 0.707359 -0.706806
    outer loop
      vertex 8 -59.6148 58.4579
      vertex 4.5 -105.212 12.866
      vertex 4.25882 -105.115 12.9659
    endloop
  endfacet
  facet normal -0.00941375 0.707396 -0.706755
    outer loop
      vertex 8 -59.6148 58.4579
      vertex 4.70711 -105.368 12.7071
      vertex 4.5 -105.212 12.866
    endloop
  endfacet
  facet normal -0.00859049 0.707371 -0.70679
    outer loop
      vertex 8 -59.6148 58.4579
      vertex 4.86602 -105.573 12.5
      vertex 4.70711 -105.368 12.7071
    endloop
  endfacet
  facet normal -0.00730431 0.707335 -0.706841
    outer loop
      vertex 8 -59.6148 58.4579
      vertex 4.96593 -105.813 12.2588
      vertex 4.86602 -105.573 12.5
    endloop
  endfacet
  facet normal -0.00931623 0.707389 -0.706763
    outer loop
      vertex 8 -118.021 0
      vertex 4.96593 -105.813 12.2588
      vertex 8 -59.6148 58.4579
    endloop
  endfacet
  facet normal -0.0108326 0.707705 -0.706425
    outer loop
      vertex 4.25882 -107.045 11.0341
      vertex 0.25 -116.297 1.82681
      vertex 4 -107.083 11
    endloop
  endfacet
  facet normal -0.00932513 0.707357 -0.706795
    outer loop
      vertex 8 -118.021 0
      vertex 4.25882 -107.045 11.0341
      vertex 4.5 -106.942 11.134
    endloop
  endfacet
  facet normal -0.00794107 0.707584 -0.706585
    outer loop
      vertex 8 -118.021 0
      vertex 4.5 -106.942 11.134
      vertex 4.70711 -106.781 11.2929
    endloop
  endfacet
  facet normal -0.00925809 0.707383 -0.706769
    outer loop
      vertex 8 -118.021 0
      vertex 4.70711 -106.781 11.2929
      vertex 4.86602 -106.572 11.5
    endloop
  endfacet
  facet normal -0.0064314 0.707762 -0.706421
    outer loop
      vertex 4.96593 -105.813 12.2588
      vertex 8 -118.021 0
      vertex 5 -106.071 12
    endloop
  endfacet
  facet normal -0.00915563 0.707406 -0.706748
    outer loop
      vertex 8 -118.021 0
      vertex 4.96593 -106.33 11.7412
      vertex 5 -106.071 12
    endloop
  endfacet
  facet normal -0.00798658 0.707565 -0.706603
    outer loop
      vertex 8 -118.021 0
      vertex 4.86602 -106.572 11.5
      vertex 4.96593 -106.33 11.7412
    endloop
  endfacet
  facet normal -0.00924474 0.707372 -0.706781
    outer loop
      vertex 4.25882 -107.045 11.0341
      vertex 8 -118.021 0
      vertex 0.25 -116.297 1.82681
    endloop
  endfacet
  facet normal -0.00921937 0.707427 -0.706726
    outer loop
      vertex 0.25 -116.297 1.82681
      vertex 8 -118.021 0
      vertex 0.25 -118.122 0
    endloop
  endfacet
  facet normal -0.00799298 0.70734 -0.706828
    outer loop
      vertex 3.74118 -105.122 12.9659
      vertex 8 -59.6148 58.4579
      vertex 4 -105.085 13
    endloop
  endfacet
  facet normal -0.00935744 0.707396 -0.706756
    outer loop
      vertex 3.5 -105.225 12.866
      vertex 8 -59.6148 58.4579
      vertex 3.74118 -105.122 12.9659
    endloop
  endfacet
  facet normal -0.00752379 0.707316 -0.706857
    outer loop
      vertex 3.29289 -105.386 12.7071
      vertex 8 -59.6148 58.4579
      vertex 3.5 -105.225 12.866
    endloop
  endfacet
  facet normal -0.00929226 0.707396 -0.706756
    outer loop
      vertex 3.13397 -105.595 12.5
      vertex 8 -59.6148 58.4579
      vertex 3.29289 -105.386 12.7071
    endloop
  endfacet
  facet normal -0.0160166 0.707692 -0.70634
    outer loop
      vertex 3.03407 -105.838 12.2588
      vertex 8 -59.6148 58.4579
      vertex 3.13397 -105.595 12.5
    endloop
  endfacet
  facet normal -0.00950172 0.707427 -0.706723
    outer loop
      vertex 0.25 -116.297 1.82681
      vertex 3.03407 -105.838 12.2588
      vertex 3 -106.097 12
    endloop
  endfacet
  facet normal -0.00917581 0.707386 -0.706768
    outer loop
      vertex 3.03407 -105.838 12.2588
      vertex 0.25 -116.297 1.82681
      vertex 8 -59.6148 58.4579
    endloop
  endfacet
  facet normal -0.0100793 0.707501 -0.706641
    outer loop
      vertex 3.03407 -106.355 11.7412
      vertex 0.25 -116.297 1.82681
      vertex 3 -106.097 12
    endloop
  endfacet
  facet normal -0.0121249 0.707771 -0.706338
    outer loop
      vertex 3.13397 -106.594 11.5
      vertex 0.25 -116.297 1.82681
      vertex 3.03407 -106.355 11.7412
    endloop
  endfacet
  facet normal -0.00877684 0.707298 -0.706861
    outer loop
      vertex 3.29289 -106.799 11.2929
      vertex 0.25 -116.297 1.82681
      vertex 3.13397 -106.594 11.5
    endloop
  endfacet
  facet normal -0.00941313 0.707396 -0.706755
    outer loop
      vertex 3.5 -106.955 11.134
      vertex 0.25 -116.297 1.82681
      vertex 3.29289 -106.799 11.2929
    endloop
  endfacet
  facet normal -0.00838643 0.707224 -0.70694
    outer loop
      vertex 3.74118 -107.052 11.0341
      vertex 0.25 -116.297 1.82681
      vertex 3.5 -106.955 11.134
    endloop
  endfacet
  facet normal -0.00843125 0.707232 -0.706931
    outer loop
      vertex 0.25 -116.297 1.82681
      vertex 3.74118 -107.052 11.0341
      vertex 4 -107.083 11
    endloop
  endfacet
  facet normal -0.00206457 -0.707072 -0.707138
    outer loop
      vertex 0.25 114.475 3.64861
      vertex 7.06535 14.9794 103.115
      vertex 0.25 14.9993 103.115
    endloop
  endfacet
  facet normal -0.00612885 -0.707201 -0.706986
    outer loop
      vertex 7.06535 14.9794 103.115
      vertex 8 59.6148 58.4579
      vertex 8 14.9713 103.115
    endloop
  endfacet
  facet normal -0.00616363 -0.707201 -0.706986
    outer loop
      vertex 0.25 114.475 3.64861
      vertex 8 59.6148 58.4579
      vertex 7.06535 14.9794 103.115
    endloop
  endfacet
  facet normal -0.00409576 -0.707062 -0.70714
    outer loop
      vertex 8 59.6148 58.4579
      vertex 0.25 114.475 3.64861
      vertex 0.25 116.297 1.82681
    endloop
  endfacet
  facet normal -0.00799298 -0.70734 -0.706828
    outer loop
      vertex 8 59.6148 58.4579
      vertex 3.74118 105.122 12.9659
      vertex 4 105.085 13
    endloop
  endfacet
  facet normal -0.00935744 -0.707396 -0.706756
    outer loop
      vertex 8 59.6148 58.4579
      vertex 3.5 105.225 12.866
      vertex 3.74118 105.122 12.9659
    endloop
  endfacet
  facet normal -0.00752379 -0.707316 -0.706857
    outer loop
      vertex 8 59.6148 58.4579
      vertex 3.29289 105.386 12.7071
      vertex 3.5 105.225 12.866
    endloop
  endfacet
  facet normal -0.00929226 -0.707396 -0.706756
    outer loop
      vertex 8 59.6148 58.4579
      vertex 3.13397 105.595 12.5
      vertex 3.29289 105.386 12.7071
    endloop
  endfacet
  facet normal -0.0160166 -0.707692 -0.70634
    outer loop
      vertex 8 59.6148 58.4579
      vertex 3.03407 105.838 12.2588
      vertex 3.13397 105.595 12.5
    endloop
  endfacet
  facet normal -0.00917581 -0.707386 -0.706768
    outer loop
      vertex 0.25 116.297 1.82681
      vertex 3.03407 105.838 12.2588
      vertex 8 59.6148 58.4579
    endloop
  endfacet
  facet normal -0.00843125 -0.707232 -0.706931
    outer loop
      vertex 3.74118 107.052 11.0341
      vertex 0.25 116.297 1.82681
      vertex 4 107.083 11
    endloop
  endfacet
  facet normal -0.00838643 -0.707224 -0.70694
    outer loop
      vertex 3.5 106.955 11.134
      vertex 0.25 116.297 1.82681
      vertex 3.74118 107.052 11.0341
    endloop
  endfacet
  facet normal -0.00941313 -0.707396 -0.706755
    outer loop
      vertex 3.29289 106.799 11.2929
      vertex 0.25 116.297 1.82681
      vertex 3.5 106.955 11.134
    endloop
  endfacet
  facet normal -0.00877684 -0.707298 -0.706861
    outer loop
      vertex 3.13397 106.594 11.5
      vertex 0.25 116.297 1.82681
      vertex 3.29289 106.799 11.2929
    endloop
  endfacet
  facet normal -0.0121249 -0.707771 -0.706338
    outer loop
      vertex 3.03407 106.355 11.7412
      vertex 0.25 116.297 1.82681
      vertex 3.13397 106.594 11.5
    endloop
  endfacet
  facet normal -0.0100793 -0.707501 -0.706641
    outer loop
      vertex 3 106.097 12
      vertex 0.25 116.297 1.82681
      vertex 3.03407 106.355 11.7412
    endloop
  endfacet
  facet normal -0.00950172 -0.707427 -0.706723
    outer loop
      vertex 3.03407 105.838 12.2588
      vertex 0.25 116.297 1.82681
      vertex 3 106.097 12
    endloop
  endfacet
  facet normal -0.0111034 -0.707456 -0.70667
    outer loop
      vertex 4.25882 105.115 12.9659
      vertex 8 59.6148 58.4579
      vertex 4 105.085 13
    endloop
  endfacet
  facet normal -0.00827632 -0.707359 -0.706806
    outer loop
      vertex 4.5 105.212 12.866
      vertex 8 59.6148 58.4579
      vertex 4.25882 105.115 12.9659
    endloop
  endfacet
  facet normal -0.00941375 -0.707396 -0.706755
    outer loop
      vertex 4.70711 105.368 12.7071
      vertex 8 59.6148 58.4579
      vertex 4.5 105.212 12.866
    endloop
  endfacet
  facet normal -0.00859049 -0.707371 -0.70679
    outer loop
      vertex 4.86602 105.573 12.5
      vertex 8 59.6148 58.4579
      vertex 4.70711 105.368 12.7071
    endloop
  endfacet
  facet normal -0.00730431 -0.707335 -0.706841
    outer loop
      vertex 4.96593 105.813 12.2588
      vertex 8 59.6148 58.4579
      vertex 4.86602 105.573 12.5
    endloop
  endfacet
  facet normal -0.0064314 -0.707762 -0.706421
    outer loop
      vertex 8 118.021 0
      vertex 4.96593 105.813 12.2588
      vertex 5 106.071 12
    endloop
  endfacet
  facet normal -0.0108326 -0.707705 -0.706425
    outer loop
      vertex 0.25 116.297 1.82681
      vertex 4.25882 107.045 11.0341
      vertex 4 107.083 11
    endloop
  endfacet
  facet normal -0.00924474 -0.707372 -0.706781
    outer loop
      vertex 8 118.021 0
      vertex 4.25882 107.045 11.0341
      vertex 0.25 116.297 1.82681
    endloop
  endfacet
  facet normal -0.00932513 -0.707357 -0.706795
    outer loop
      vertex 4.25882 107.045 11.0341
      vertex 8 118.021 0
      vertex 4.5 106.942 11.134
    endloop
  endfacet
  facet normal -0.00794107 -0.707584 -0.706585
    outer loop
      vertex 4.5 106.942 11.134
      vertex 8 118.021 0
      vertex 4.70711 106.781 11.2929
    endloop
  endfacet
  facet normal -0.00921937 -0.707427 -0.706726
    outer loop
      vertex 8 118.021 0
      vertex 0.25 116.297 1.82681
      vertex 0.25 118.122 0
    endloop
  endfacet
  facet normal -0.00925809 -0.707383 -0.706769
    outer loop
      vertex 4.70711 106.781 11.2929
      vertex 8 118.021 0
      vertex 4.86602 106.572 11.5
    endloop
  endfacet
  facet normal -0.00931623 -0.707389 -0.706763
    outer loop
      vertex 4.96593 105.813 12.2588
      vertex 8 118.021 0
      vertex 8 59.6148 58.4579
    endloop
  endfacet
  facet normal -0.00915563 -0.707406 -0.706748
    outer loop
      vertex 4.96593 106.33 11.7412
      vertex 8 118.021 0
      vertex 5 106.071 12
    endloop
  endfacet
  facet normal -0.00798658 -0.707565 -0.706603
    outer loop
      vertex 4.86602 106.572 11.5
      vertex 8 118.021 0
      vertex 4.96593 106.33 11.7412
    endloop
  endfacet
  facet normal -0.00612885 0.707201 -0.706986
    outer loop
      vertex 8 -59.6148 58.4579
      vertex 7.06535 -14.9794 103.115
      vertex 8 -14.9713 103.115
    endloop
  endfacet
  facet normal -0.00616363 0.707201 -0.706986
    outer loop
      vertex 8 -59.6148 58.4579
      vertex 0.25 -114.475 3.64861
      vertex 7.06535 -14.9794 103.115
    endloop
  endfacet
  facet normal -0.00409576 0.707062 -0.70714
    outer loop
      vertex 0.25 -114.475 3.64861
      vertex 8 -59.6148 58.4579
      vertex 0.25 -116.297 1.82681
    endloop
  endfacet
  facet normal -0.00206457 0.707072 -0.707138
    outer loop
      vertex 0.25 -14.9993 103.115
      vertex 7.06535 -14.9794 103.115
      vertex 0.25 -114.475 3.64861
    endloop
  endfacet
  facet normal 0 0 -1
    outer loop
      vertex 7.06535 -14.9794 103.115
      vertex 8 14.9713 103.115
      vertex 8 -14.9713 103.115
    endloop
  endfacet
  facet normal 0 0 -1
    outer loop
      vertex 7.06535 -14.9794 103.115
      vertex 7.06535 14.9794 103.115
      vertex 8 14.9713 103.115
    endloop
  endfacet
  facet normal 0 0 -1
    outer loop
      vertex 0.25 -14.9993 103.115
      vertex 7.06535 14.9794 103.115
      vertex 7.06535 -14.9794 103.115
    endloop
  endfacet
  facet normal -0 0 -1
    outer loop
      vertex 7.06535 14.9794 103.115
      vertex 0.25 -14.9993 103.115
      vertex 0.25 14.9993 103.115
    endloop
  endfacet
  facet normal -1 0 0
    outer loop
      vertex 0.25 118.122 0
      vertex 0.25 119.997 0.00999928
      vertex 0.25 119.997 0
    endloop
  endfacet
  facet normal -1 -0 0
    outer loop
      vertex 0.25 119.997 0.00999928
      vertex 0.25 118.122 0
      vertex 0.25 118.138 1.87003
    endloop
  endfacet
  facet normal -1 0 0
    outer loop
      vertex 0.25 116.297 1.82681
      vertex 0.25 118.138 1.87003
      vertex 0.25 118.122 0
    endloop
  endfacet
  facet normal -1 0 0
    outer loop
      vertex 0.25 116.297 1.82681
      vertex 0.25 116.284 3.72496
      vertex 0.25 118.138 1.87003
    endloop
  endfacet
  facet normal -1 0 0
    outer loop
      vertex 0.25 114.475 3.64861
      vertex 0.25 116.284 3.72496
      vertex 0.25 116.297 1.82681
    endloop
  endfacet
  facet normal -1 0 0
    outer loop
      vertex 0.25 14.9993 103.115
      vertex 0.25 116.284 3.72496
      vertex 0.25 114.475 3.64861
    endloop
  endfacet
  facet normal -1 0 0
    outer loop
      vertex 0.25 14.9993 103.115
      vertex 0.25 14.9993 105
      vertex 0.25 116.284 3.72496
    endloop
  endfacet
  facet normal -1 0 0
    outer loop
      vertex 0.25 -14.9993 103.115
      vertex 0.25 14.9993 105
      vertex 0.25 14.9993 103.115
    endloop
  endfacet
  facet normal -1 0 0
    outer loop
      vertex 0.25 -14.9993 103.115
      vertex 0.25 -14.9993 105
      vertex 0.25 14.9993 105
    endloop
  endfacet
  facet normal -1 0 0
    outer loop
      vertex 0.25 -116.284 3.72496
      vertex 0.25 -14.9993 103.115
      vertex 0.25 -114.475 3.64861
    endloop
  endfacet
  facet normal -1 -0 0
    outer loop
      vertex 0.25 -14.9993 103.115
      vertex 0.25 -116.284 3.72496
      vertex 0.25 -14.9993 105
    endloop
  endfacet
  facet normal -1 0 0
    outer loop
      vertex 0.25 -116.297 1.82681
      vertex 0.25 -116.284 3.72496
      vertex 0.25 -114.475 3.64861
    endloop
  endfacet
  facet normal -1 0 0
    outer loop
      vertex 0.25 -118.138 1.87003
      vertex 0.25 -116.297 1.82681
      vertex 0.25 -118.122 0
    endloop
  endfacet
  facet normal -1 0 0
    outer loop
      vertex 0.25 -116.297 1.82681
      vertex 0.25 -118.138 1.87003
      vertex 0.25 -116.284 3.72496
    endloop
  endfacet
  facet normal -1 0 0
    outer loop
      vertex 0.25 -119.997 0.00999928
      vertex 0.25 -118.122 0
      vertex 0.25 -119.997 0
    endloop
  endfacet
  facet normal -1 0 0
    outer loop
      vertex 0.25 -118.122 0
      vertex 0.25 -119.997 0.00999928
      vertex 0.25 -118.138 1.87003
    endloop
  endfacet
  facet normal 0.793341 -0 0.608777
    outer loop
      vertex 3.13397 -108.479 11.5
      vertex 3.29289 -106.799 11.2929
      vertex 3.13397 -106.594 11.5
    endloop
  endfacet
  facet normal 0.793341 0 0.608777
    outer loop
      vertex 3.29289 -106.799 11.2929
      vertex 3.13397 -108.479 11.5
      vertex 3.29289 -108.684 11.2929
    endloop
  endfacet
  facet normal 0.793341 0 0.608777
    outer loop
      vertex 3.13397 108.479 11.5
      vertex 3.29289 106.799 11.2929
      vertex 3.29289 108.684 11.2929
    endloop
  endfacet
  facet normal 0.793341 0 0.608777
    outer loop
      vertex 3.29289 106.799 11.2929
      vertex 3.13397 108.479 11.5
      vertex 3.13397 106.594 11.5
    endloop
  endfacet
  facet normal -0.923877 0 -0.382689
    outer loop
      vertex 4.96593 -105.813 12.2588
      vertex 4.86602 -107.457 12.5
      vertex 4.86602 -105.573 12.5
    endloop
  endfacet
  facet normal -0.923877 0 -0.382689
    outer loop
      vertex 4.86602 -107.457 12.5
      vertex 4.96593 -105.813 12.2588
      vertex 4.96593 -107.697 12.2588
    endloop
  endfacet
  facet normal -0.923877 0 -0.382689
    outer loop
      vertex 4.96593 105.813 12.2588
      vertex 4.86602 107.457 12.5
      vertex 4.96593 107.697 12.2588
    endloop
  endfacet
  facet normal -0.923877 -0 -0.382689
    outer loop
      vertex 4.86602 107.457 12.5
      vertex 4.96593 105.813 12.2588
      vertex 4.86602 105.573 12.5
    endloop
  endfacet
  facet normal -0.991446 0 -0.13052
    outer loop
      vertex 5 -106.071 12
      vertex 4.96593 -107.697 12.2588
      vertex 4.96593 -105.813 12.2588
    endloop
  endfacet
  facet normal -0.991446 0 -0.13052
    outer loop
      vertex 4.96593 -107.697 12.2588
      vertex 5 -106.071 12
      vertex 5 -107.955 12
    endloop
  endfacet
  facet normal -0.991446 0 -0.13052
    outer loop
      vertex 5 106.071 12
      vertex 4.96593 107.697 12.2588
      vertex 5 107.955 12
    endloop
  endfacet
  facet normal -0.991446 -0 -0.13052
    outer loop
      vertex 4.96593 107.697 12.2588
      vertex 5 106.071 12
      vertex 4.96593 105.813 12.2588
    endloop
  endfacet
  facet normal -0.130623 0 -0.991432
    outer loop
      vertex 4 -106.969 13
      vertex 4.25882 -105.115 12.9659
      vertex 4.25882 -107 12.9659
    endloop
  endfacet
  facet normal -0.130623 0 -0.991432
    outer loop
      vertex 4.25882 -105.115 12.9659
      vertex 4 -106.969 13
      vertex 4 -105.085 13
    endloop
  endfacet
  facet normal -0.130623 -0 -0.991432
    outer loop
      vertex 4 106.969 13
      vertex 4.25882 105.115 12.9659
      vertex 4 105.085 13
    endloop
  endfacet
  facet normal -0.130623 0 -0.991432
    outer loop
      vertex 4.25882 105.115 12.9659
      vertex 4 106.969 13
      vertex 4.25882 107 12.9659
    endloop
  endfacet
  facet normal 0.130623 0 -0.991432
    outer loop
      vertex 3.74118 -105.122 12.9659
      vertex 4 -106.969 13
      vertex 3.74118 -107.007 12.9659
    endloop
  endfacet
  facet normal 0.130623 0 -0.991432
    outer loop
      vertex 4 -106.969 13
      vertex 3.74118 -105.122 12.9659
      vertex 4 -105.085 13
    endloop
  endfacet
  facet normal 0.130623 0 -0.991432
    outer loop
      vertex 3.74118 105.122 12.9659
      vertex 4 106.969 13
      vertex 4 105.085 13
    endloop
  endfacet
  facet normal 0.130623 0 -0.991432
    outer loop
      vertex 4 106.969 13
      vertex 3.74118 105.122 12.9659
      vertex 3.74118 107.007 12.9659
    endloop
  endfacet
  facet normal -0.79336 0 0.608753
    outer loop
      vertex 4.70711 -106.781 11.2929
      vertex 4.86602 -108.456 11.5
      vertex 4.86602 -106.572 11.5
    endloop
  endfacet
  facet normal -0.79336 0 0.608753
    outer loop
      vertex 4.86602 -108.456 11.5
      vertex 4.70711 -106.781 11.2929
      vertex 4.70711 -108.665 11.2929
    endloop
  endfacet
  facet normal -0.79336 0 0.608753
    outer loop
      vertex 4.70711 106.781 11.2929
      vertex 4.86602 108.456 11.5
      vertex 4.70711 108.665 11.2929
    endloop
  endfacet
  facet normal -0.79336 0 0.608753
    outer loop
      vertex 4.86602 108.456 11.5
      vertex 4.70711 106.781 11.2929
      vertex 4.86602 106.572 11.5
    endloop
  endfacet
  facet normal 0.991446 -0 0.13052
    outer loop
      vertex 3 -107.981 12
      vertex 3.03407 -106.355 11.7412
      vertex 3 -106.097 12
    endloop
  endfacet
  facet normal 0.991446 0 0.13052
    outer loop
      vertex 3.03407 -106.355 11.7412
      vertex 3 -107.981 12
      vertex 3.03407 -108.239 11.7412
    endloop
  endfacet
  facet normal 0.991446 0 0.13052
    outer loop
      vertex 3 107.981 12
      vertex 3.03407 106.355 11.7412
      vertex 3.03407 108.239 11.7412
    endloop
  endfacet
  facet normal 0.991446 0 0.13052
    outer loop
      vertex 3.03407 106.355 11.7412
      vertex 3 107.981 12
      vertex 3 106.097 12
    endloop
  endfacet
  facet normal -0.608711 0 0.793392
    outer loop
      vertex 4.5 -106.942 11.134
      vertex 4.70711 -108.665 11.2929
      vertex 4.70711 -106.781 11.2929
    endloop
  endfacet
  facet normal -0.608711 0 0.793392
    outer loop
      vertex 4.70711 -108.665 11.2929
      vertex 4.5 -106.942 11.134
      vertex 4.5 -108.827 11.134
    endloop
  endfacet
  facet normal -0.608711 0 0.793392
    outer loop
      vertex 4.5 106.942 11.134
      vertex 4.70711 108.665 11.2929
      vertex 4.5 108.827 11.134
    endloop
  endfacet
  facet normal -0.608711 0 0.793392
    outer loop
      vertex 4.70711 108.665 11.2929
      vertex 4.5 106.942 11.134
      vertex 4.70711 106.781 11.2929
    endloop
  endfacet
  facet normal 0.382683 -0 0.92388
    outer loop
      vertex 3.5 -108.84 11.134
      vertex 3.74118 -107.052 11.0341
      vertex 3.5 -106.955 11.134
    endloop
  endfacet
  facet normal 0.382683 0 0.92388
    outer loop
      vertex 3.74118 -107.052 11.0341
      vertex 3.5 -108.84 11.134
      vertex 3.74118 -108.937 11.0341
    endloop
  endfacet
  facet normal 0.382683 0 0.92388
    outer loop
      vertex 3.5 108.84 11.134
      vertex 3.74118 107.052 11.0341
      vertex 3.74118 108.937 11.0341
    endloop
  endfacet
  facet normal 0.382683 0 0.92388
    outer loop
      vertex 3.74118 107.052 11.0341
      vertex 3.5 108.84 11.134
      vertex 3.5 106.955 11.134
    endloop
  endfacet
  facet normal 0.793341 0 -0.608777
    outer loop
      vertex 3.29289 -107.271 12.7071
      vertex 3.13397 -105.595 12.5
      vertex 3.29289 -105.386 12.7071
    endloop
  endfacet
  facet normal 0.793341 0 -0.608777
    outer loop
      vertex 3.13397 -105.595 12.5
      vertex 3.29289 -107.271 12.7071
      vertex 3.13397 -107.48 12.5
    endloop
  endfacet
  facet normal 0.793341 0 -0.608777
    outer loop
      vertex 3.29289 107.271 12.7071
      vertex 3.13397 105.595 12.5
      vertex 3.13397 107.48 12.5
    endloop
  endfacet
  facet normal 0.793341 0 -0.608777
    outer loop
      vertex 3.13397 105.595 12.5
      vertex 3.29289 107.271 12.7071
      vertex 3.29289 105.386 12.7071
    endloop
  endfacet
  facet normal 0.608711 0 -0.793392
    outer loop
      vertex 3.29289 -105.386 12.7071
      vertex 3.5 -107.109 12.866
      vertex 3.29289 -107.271 12.7071
    endloop
  endfacet
  facet normal 0.608711 0 -0.793392
    outer loop
      vertex 3.5 -107.109 12.866
      vertex 3.29289 -105.386 12.7071
      vertex 3.5 -105.225 12.866
    endloop
  endfacet
  facet normal 0.608711 0 -0.793392
    outer loop
      vertex 3.29289 105.386 12.7071
      vertex 3.5 107.109 12.866
      vertex 3.5 105.225 12.866
    endloop
  endfacet
  facet normal 0.608711 0 -0.793392
    outer loop
      vertex 3.5 107.109 12.866
      vertex 3.29289 105.386 12.7071
      vertex 3.29289 107.271 12.7071
    endloop
  endfacet
  facet normal -0.382683 0 -0.92388
    outer loop
      vertex 4.25882 -107 12.9659
      vertex 4.5 -105.212 12.866
      vertex 4.5 -107.096 12.866
    endloop
  endfacet
  facet normal -0.382683 0 -0.92388
    outer loop
      vertex 4.5 -105.212 12.866
      vertex 4.25882 -107 12.9659
      vertex 4.25882 -105.115 12.9659
    endloop
  endfacet
  facet normal -0.382683 -0 -0.92388
    outer loop
      vertex 4.25882 107 12.9659
      vertex 4.5 105.212 12.866
      vertex 4.25882 105.115 12.9659
    endloop
  endfacet
  facet normal -0.382683 0 -0.92388
    outer loop
      vertex 4.5 105.212 12.866
      vertex 4.25882 107 12.9659
      vertex 4.5 107.096 12.866
    endloop
  endfacet
  facet normal 0.130623 -0 0.991432
    outer loop
      vertex 3.74118 -108.937 11.0341
      vertex 4 -107.083 11
      vertex 3.74118 -107.052 11.0341
    endloop
  endfacet
  facet normal 0.130623 0 0.991432
    outer loop
      vertex 4 -107.083 11
      vertex 3.74118 -108.937 11.0341
      vertex 4 -108.967 11
    endloop
  endfacet
  facet normal 0.130623 0 0.991432
    outer loop
      vertex 3.74118 108.937 11.0341
      vertex 4 107.083 11
      vertex 4 108.967 11
    endloop
  endfacet
  facet normal 0.130623 0 0.991432
    outer loop
      vertex 4 107.083 11
      vertex 3.74118 108.937 11.0341
      vertex 3.74118 107.052 11.0341
    endloop
  endfacet
  facet normal -0.130623 0 0.991432
    outer loop
      vertex 4 -107.083 11
      vertex 4.25882 -108.93 11.0341
      vertex 4.25882 -107.045 11.0341
    endloop
  endfacet
  facet normal -0.130623 0 0.991432
    outer loop
      vertex 4.25882 -108.93 11.0341
      vertex 4 -107.083 11
      vertex 4 -108.967 11
    endloop
  endfacet
  facet normal -0.130623 0 0.991432
    outer loop
      vertex 4 107.083 11
      vertex 4.25882 108.93 11.0341
      vertex 4 108.967 11
    endloop
  endfacet
  facet normal -0.130623 0 0.991432
    outer loop
      vertex 4.25882 108.93 11.0341
      vertex 4 107.083 11
      vertex 4.25882 107.045 11.0341
    endloop
  endfacet
  facet normal 0.608711 -0 0.793392
    outer loop
      vertex 3.29289 -108.684 11.2929
      vertex 3.5 -106.955 11.134
      vertex 3.29289 -106.799 11.2929
    endloop
  endfacet
  facet normal 0.608711 0 0.793392
    outer loop
      vertex 3.5 -106.955 11.134
      vertex 3.29289 -108.684 11.2929
      vertex 3.5 -108.84 11.134
    endloop
  endfacet
  facet normal 0.608711 0 0.793392
    outer loop
      vertex 3.29289 108.684 11.2929
      vertex 3.5 106.955 11.134
      vertex 3.5 108.84 11.134
    endloop
  endfacet
  facet normal 0.608711 0 0.793392
    outer loop
      vertex 3.5 106.955 11.134
      vertex 3.29289 108.684 11.2929
      vertex 3.29289 106.799 11.2929
    endloop
  endfacet
  facet normal -0.382683 0 0.92388
    outer loop
      vertex 4.25882 -107.045 11.0341
      vertex 4.5 -108.827 11.134
      vertex 4.5 -106.942 11.134
    endloop
  endfacet
  facet normal -0.382683 0 0.92388
    outer loop
      vertex 4.5 -108.827 11.134
      vertex 4.25882 -107.045 11.0341
      vertex 4.25882 -108.93 11.0341
    endloop
  endfacet
  facet normal -0.382683 0 0.92388
    outer loop
      vertex 4.25882 107.045 11.0341
      vertex 4.5 108.827 11.134
      vertex 4.25882 108.93 11.0341
    endloop
  endfacet
  facet normal -0.382683 0 0.92388
    outer loop
      vertex 4.5 108.827 11.134
      vertex 4.25882 107.045 11.0341
      vertex 4.5 106.942 11.134
    endloop
  endfacet
  facet normal 0.991446 0 -0.13052
    outer loop
      vertex 3.03407 -107.722 12.2588
      vertex 3 -106.097 12
      vertex 3.03407 -105.838 12.2588
    endloop
  endfacet
  facet normal 0.991446 0 -0.13052
    outer loop
      vertex 3 -106.097 12
      vertex 3.03407 -107.722 12.2588
      vertex 3 -107.981 12
    endloop
  endfacet
  facet normal 0.991446 0 -0.13052
    outer loop
      vertex 3.03407 107.722 12.2588
      vertex 3 106.097 12
      vertex 3 107.981 12
    endloop
  endfacet
  facet normal 0.991446 0 -0.13052
    outer loop
      vertex 3 106.097 12
      vertex 3.03407 107.722 12.2588
      vertex 3.03407 105.838 12.2588
    endloop
  endfacet
  facet normal 0.923891 0 -0.382656
    outer loop
      vertex 3.13397 -107.48 12.5
      vertex 3.03407 -105.838 12.2588
      vertex 3.13397 -105.595 12.5
    endloop
  endfacet
  facet normal 0.923891 0 -0.382656
    outer loop
      vertex 3.03407 -105.838 12.2588
      vertex 3.13397 -107.48 12.5
      vertex 3.03407 -107.722 12.2588
    endloop
  endfacet
  facet normal 0.923891 0 -0.382656
    outer loop
      vertex 3.13397 107.48 12.5
      vertex 3.03407 105.838 12.2588
      vertex 3.03407 107.722 12.2588
    endloop
  endfacet
  facet normal 0.923891 0 -0.382656
    outer loop
      vertex 3.03407 105.838 12.2588
      vertex 3.13397 107.48 12.5
      vertex 3.13397 105.595 12.5
    endloop
  endfacet
  facet normal 0.382683 0 -0.92388
    outer loop
      vertex 3.5 -105.225 12.866
      vertex 3.74118 -107.007 12.9659
      vertex 3.5 -107.109 12.866
    endloop
  endfacet
  facet normal 0.382683 0 -0.92388
    outer loop
      vertex 3.74118 -107.007 12.9659
      vertex 3.5 -105.225 12.866
      vertex 3.74118 -105.122 12.9659
    endloop
  endfacet
  facet normal 0.382683 0 -0.92388
    outer loop
      vertex 3.5 105.225 12.866
      vertex 3.74118 107.007 12.9659
      vertex 3.74118 105.122 12.9659
    endloop
  endfacet
  facet normal 0.382683 0 -0.92388
    outer loop
      vertex 3.74118 107.007 12.9659
      vertex 3.5 105.225 12.866
      vertex 3.5 107.109 12.866
    endloop
  endfacet
  facet normal -0.79336 0 -0.608753
    outer loop
      vertex 4.86602 -105.573 12.5
      vertex 4.70711 -107.252 12.7071
      vertex 4.70711 -105.368 12.7071
    endloop
  endfacet
  facet normal -0.79336 0 -0.608753
    outer loop
      vertex 4.70711 -107.252 12.7071
      vertex 4.86602 -105.573 12.5
      vertex 4.86602 -107.457 12.5
    endloop
  endfacet
  facet normal -0.79336 0 -0.608753
    outer loop
      vertex 4.86602 105.573 12.5
      vertex 4.70711 107.252 12.7071
      vertex 4.86602 107.457 12.5
    endloop
  endfacet
  facet normal -0.79336 -0 -0.608753
    outer loop
      vertex 4.70711 107.252 12.7071
      vertex 4.86602 105.573 12.5
      vertex 4.70711 105.368 12.7071
    endloop
  endfacet
  facet normal -0.608711 0 -0.793392
    outer loop
      vertex 4.5 -107.096 12.866
      vertex 4.70711 -105.368 12.7071
      vertex 4.70711 -107.252 12.7071
    endloop
  endfacet
  facet normal -0.608711 0 -0.793392
    outer loop
      vertex 4.70711 -105.368 12.7071
      vertex 4.5 -107.096 12.866
      vertex 4.5 -105.212 12.866
    endloop
  endfacet
  facet normal -0.608711 -0 -0.793392
    outer loop
      vertex 4.5 107.096 12.866
      vertex 4.70711 105.368 12.7071
      vertex 4.5 105.212 12.866
    endloop
  endfacet
  facet normal -0.608711 0 -0.793392
    outer loop
      vertex 4.70711 105.368 12.7071
      vertex 4.5 107.096 12.866
      vertex 4.70711 107.252 12.7071
    endloop
  endfacet
  facet normal -0.923877 0 0.382689
    outer loop
      vertex 4.86602 -106.572 11.5
      vertex 4.96593 -108.214 11.7412
      vertex 4.96593 -106.33 11.7412
    endloop
  endfacet
  facet normal -0.923877 0 0.382689
    outer loop
      vertex 4.96593 -108.214 11.7412
      vertex 4.86602 -106.572 11.5
      vertex 4.86602 -108.456 11.5
    endloop
  endfacet
  facet normal -0.923877 0 0.382689
    outer loop
      vertex 4.86602 106.572 11.5
      vertex 4.96593 108.214 11.7412
      vertex 4.86602 108.456 11.5
    endloop
  endfacet
  facet normal -0.923877 0 0.382689
    outer loop
      vertex 4.96593 108.214 11.7412
      vertex 4.86602 106.572 11.5
      vertex 4.96593 106.33 11.7412
    endloop
  endfacet
  facet normal 0.923891 -0 0.382656
    outer loop
      vertex 3.03407 -108.239 11.7412
      vertex 3.13397 -106.594 11.5
      vertex 3.03407 -106.355 11.7412
    endloop
  endfacet
  facet normal 0.923891 0 0.382656
    outer loop
      vertex 3.13397 -106.594 11.5
      vertex 3.03407 -108.239 11.7412
      vertex 3.13397 -108.479 11.5
    endloop
  endfacet
  facet normal 0.923891 0 0.382656
    outer loop
      vertex 3.03407 108.239 11.7412
      vertex 3.13397 106.594 11.5
      vertex 3.13397 108.479 11.5
    endloop
  endfacet
  facet normal 0.923891 0 0.382656
    outer loop
      vertex 3.13397 106.594 11.5
      vertex 3.03407 108.239 11.7412
      vertex 3.03407 106.355 11.7412
    endloop
  endfacet
  facet normal -0.991446 0 0.13052
    outer loop
      vertex 4.96593 -106.33 11.7412
      vertex 5 -107.955 12
      vertex 5 -106.071 12
    endloop
  endfacet
  facet normal -0.991446 0 0.13052
    outer loop
      vertex 5 -107.955 12
      vertex 4.96593 -106.33 11.7412
      vertex 4.96593 -108.214 11.7412
    endloop
  endfacet
  facet normal -0.991446 0 0.13052
    outer loop
      vertex 4.96593 106.33 11.7412
      vertex 5 107.955 12
      vertex 4.96593 108.214 11.7412
    endloop
  endfacet
  facet normal -0.991446 0 0.13052
    outer loop
      vertex 5 107.955 12
      vertex 4.96593 106.33 11.7412
      vertex 5 106.071 12
    endloop
  endfacet
  facet normal 0 -0.999657 -0.0261953
    outer loop
      vertex 224.959 35 0
      vertex 227.521 34.952 1.83176
      vertex 222.979 34.952 1.83176
    endloop
  endfacet
  facet normal -0 -0.999657 -0.0261953
    outer loop
      vertex 229.487 35 0
      vertex 227.521 34.952 1.83176
      vertex 224.959 35 0
    endloop
  endfacet
  facet normal -0.00353692 -0.999544 -0.0299885
    outer loop
      vertex 227.521 34.952 1.83176
      vertex 229.487 35 0
      vertex 229.487 34.9997 0.00999928
    endloop
  endfacet
  facet normal 0 -0.996917 -0.0784633
    outer loop
      vertex 221.881 34.8699 2.87583
      vertex 225.606 34.8083 3.65849
      vertex 221.035 34.8083 3.65849
    endloop
  endfacet
  facet normal -7.34366e-05 -0.996944 -0.0781159
    outer loop
      vertex 221.971 34.8764 2.79279
      vertex 225.606 34.8083 3.65849
      vertex 221.881 34.8699 2.87583
    endloop
  endfacet
  facet normal 1.77419e-07 -0.99692 -0.0784231
    outer loop
      vertex 222.979 34.952 1.83176
      vertex 225.606 34.8083 3.65849
      vertex 221.971 34.8764 2.79279
    endloop
  endfacet
  facet normal 0 -0.99692 -0.0784229
    outer loop
      vertex 225.606 34.8083 3.65849
      vertex 222.979 34.952 1.83176
      vertex 227.521 34.952 1.83176
    endloop
  endfacet
  facet normal 0 -0.991443 -0.13054
    outer loop
      vertex 221.035 34.8083 3.65849
      vertex 223.759 34.5691 5.4752
      vertex 219.141 34.5691 5.4752
    endloop
  endfacet
  facet normal 0 -0.991443 -0.13054
    outer loop
      vertex 223.759 34.5691 5.4752
      vertex 221.035 34.8083 3.65849
      vertex 225.606 34.8083 3.65849
    endloop
  endfacet
  facet normal 0 -0.983257 -0.182222
    outer loop
      vertex 219.141 34.5691 5.4752
      vertex 221.984 34.2352 7.2769
      vertex 217.332 34.2352 7.2769
    endloop
  endfacet
  facet normal 0 -0.983257 -0.182222
    outer loop
      vertex 221.984 34.2352 7.2769
      vertex 219.141 34.5691 5.4752
      vertex 223.759 34.5691 5.4752
    endloop
  endfacet
  facet normal 0 -0.972365 -0.233466
    outer loop
      vertex 217.332 34.2352 7.2769
      vertex 220.287 33.8074 9.05865
      vertex 215.613 33.8074 9.05865
    endloop
  endfacet
  facet normal 0 -0.972365 -0.233466
    outer loop
      vertex 220.287 33.8074 9.05865
      vertex 217.332 34.2352 7.2769
      vertex 221.984 34.2352 7.2769
    endloop
  endfacet
  facet normal 0 -0.958825 -0.283999
    outer loop
      vertex 215.613 33.8074 9.05865
      vertex 218.672 33.287 10.8156
      vertex 213.989 33.287 10.8156
    endloop
  endfacet
  facet normal 0 -0.958825 -0.283999
    outer loop
      vertex 218.672 33.287 10.8156
      vertex 215.613 33.8074 9.05865
      vertex 220.287 33.8074 9.05865
    endloop
  endfacet
  facet normal 0 -0.942636 -0.333822
    outer loop
      vertex 213.989 33.287 10.8156
      vertex 217.143 32.6753 12.5429
      vertex 212.465 32.6753 12.5429
    endloop
  endfacet
  facet normal 0 -0.942636 -0.333822
    outer loop
      vertex 217.143 32.6753 12.5429
      vertex 213.989 33.287 10.8156
      vertex 218.672 33.287 10.8156
    endloop
  endfacet
  facet normal 0 -0.923884 -0.382673
    outer loop
      vertex 212.465 32.6753 12.5429
      vertex 215.705 31.9741 14.2358
      vertex 211.044 31.9741 14.2358
    endloop
  endfacet
  facet normal 0 -0.923884 -0.382673
    outer loop
      vertex 215.705 31.9741 14.2358
      vertex 212.465 32.6753 12.5429
      vertex 217.143 32.6753 12.5429
    endloop
  endfacet
  facet normal 0 -0.902579 -0.430525
    outer loop
      vertex 211.044 31.9741 14.2358
      vertex 214.362 31.1852 15.8897
      vertex 209.731 31.1852 15.8897
    endloop
  endfacet
  facet normal 0 -0.902579 -0.430525
    outer loop
      vertex 214.362 31.1852 15.8897
      vertex 211.044 31.9741 14.2358
      vertex 215.705 31.9741 14.2358
    endloop
  endfacet
  facet normal 0 -0.878822 -0.47715
    outer loop
      vertex 209.731 31.1852 15.8897
      vertex 213.117 30.3109 17.5
      vertex 208.529 30.3109 17.5
    endloop
  endfacet
  facet normal 0 -0.878822 -0.47715
    outer loop
      vertex 213.117 30.3109 17.5
      vertex 209.731 31.1852 15.8897
      vertex 214.362 31.1852 15.8897
    endloop
  endfacet
  facet normal 0 -0.852766 -0.522293
    outer loop
      vertex 207.499 29.4036 18.9806
      vertex 211.974 29.3535 19.0624
      vertex 207.442 29.3535 19.0624
    endloop
  endfacet
  facet normal 4.96597e-06 -0.852645 -0.522491
    outer loop
      vertex 208.529 30.3109 17.5
      vertex 211.974 29.3535 19.0624
      vertex 207.499 29.4036 18.9806
    endloop
  endfacet
  facet normal 0 -0.85265 -0.522483
    outer loop
      vertex 211.974 29.3535 19.0624
      vertex 208.529 30.3109 17.5
      vertex 213.117 30.3109 17.5
    endloop
  endfacet
  facet normal 0 -0.824147 -0.566376
    outer loop
      vertex 207.203 29.1 19.4311
      vertex 210.935 28.3156 20.5725
      vertex 206.424 28.3156 20.5725
    endloop
  endfacet
  facet normal 6.82811e-05 -0.824043 -0.566527
    outer loop
      vertex 207.442 29.3535 19.0624
      vertex 210.935 28.3156 20.5725
      vertex 207.203 29.1 19.4311
    endloop
  endfacet
  facet normal 0 -0.824117 -0.56642
    outer loop
      vertex 210.935 28.3156 20.5725
      vertex 207.442 29.3535 19.0624
      vertex 211.974 29.3535 19.0624
    endloop
  endfacet
  facet normal 0 -0.793344 -0.608774
    outer loop
      vertex 206.424 28.3156 20.5725
      vertex 210.005 27.2001 22.0262
      vertex 205.502 27.2001 22.0262
    endloop
  endfacet
  facet normal 0 -0.793344 -0.608774
    outer loop
      vertex 210.005 27.2001 22.0262
      vertex 206.424 28.3156 20.5725
      vertex 210.935 28.3156 20.5725
    endloop
  endfacet
  facet normal 0 -0.760426 -0.649424
    outer loop
      vertex 205.502 27.2001 22.0262
      vertex 209.184 26.0101 23.4196
      vertex 204.691 26.0101 23.4196
    endloop
  endfacet
  facet normal 0 -0.760426 -0.649424
    outer loop
      vertex 209.184 26.0101 23.4196
      vertex 205.502 27.2001 22.0262
      vertex 210.005 27.2001 22.0262
    endloop
  endfacet
  facet normal 0 -0.725339 -0.688392
    outer loop
      vertex 204.691 26.0101 23.4196
      vertex 208.476 24.7487 24.7487
      vertex 203.993 24.7487 24.7487
    endloop
  endfacet
  facet normal 0 -0.725339 -0.688392
    outer loop
      vertex 208.476 24.7487 24.7487
      vertex 204.691 26.0101 23.4196
      vertex 209.184 26.0101 23.4196
    endloop
  endfacet
  facet normal 1.62879e-05 -0.707112 -0.707102
    outer loop
      vertex 202.678 22.0874 27.41
      vertex 207.895 23.5913 25.9062
      vertex 204.414 17.6133 31.8842
    endloop
  endfacet
  facet normal 1.58051e-05 -0.707111 -0.707103
    outer loop
      vertex 203.993 24.7487 24.7487
      vertex 207.895 23.5913 25.9062
      vertex 202.678 22.0874 27.41
    endloop
  endfacet
  facet normal 0 -0.707137 -0.707076
    outer loop
      vertex 207.895 23.5913 25.9062
      vertex 203.993 24.7487 24.7487
      vertex 208.476 24.7487 24.7487
    endloop
  endfacet
  facet normal 1.68046e-05 -0.707112 -0.707101
    outer loop
      vertex 199.459 16.4922 33.0052
      vertex 204.414 17.6133 31.8842
      vertex 200.954 12.422 37.0755
    endloop
  endfacet
  facet normal 1.6406e-05 -0.707112 -0.707102
    outer loop
      vertex 204.414 17.6133 31.8842
      vertex 199.459 16.4922 33.0052
      vertex 202.678 22.0874 27.41
    endloop
  endfacet
  facet normal -2.08057e-06 -0.707101 -0.707113
    outer loop
      vertex 196.251 11.6379 37.8596
      vertex 200.954 12.422 37.0755
      vertex 197.526 7.88403 41.6134
    endloop
  endfacet
  facet normal -2.96203e-05 -0.707105 -0.707108
    outer loop
      vertex 196.251 11.6379 37.8596
      vertex 197.526 7.88403 41.6134
      vertex 197.25 7.53074 41.9667
    endloop
  endfacet
  facet normal 2.72928e-06 -0.707115 -0.707099
    outer loop
      vertex 200.954 12.422 37.0755
      vertex 196.251 11.6379 37.8596
      vertex 199.459 16.4922 33.0052
    endloop
  endfacet
  facet normal -1.00724e-05 -0.707108 -0.707106
    outer loop
      vertex 193.065 7.3979 42.0996
      vertex 197.25 7.53074 41.9667
      vertex 193.855 3.5313 45.9662
    endloop
  endfacet
  facet normal -1.03855e-05 -0.707103 -0.707111
    outer loop
      vertex 197.25 7.53074 41.9667
      vertex 193.065 7.3979 42.0996
      vertex 196.251 11.6379 37.8596
    endloop
  endfacet
  facet normal 1.93206e-05 -0.707105 -0.707109
    outer loop
      vertex 193.855 3.5313 45.9662
      vertex 192.775 7.02599 42.4715
      vertex 193.065 7.3979 42.0996
    endloop
  endfacet
  facet normal 1.23325e-05 -0.707113 -0.707101
    outer loop
      vertex 189.616 3.29343 46.204
      vertex 193.855 3.5313 45.9662
      vertex 190.508 0 49.4975
    endloop
  endfacet
  facet normal 1.15893e-05 -0.707106 -0.707108
    outer loop
      vertex 193.855 3.5313 45.9662
      vertex 189.616 3.29343 46.204
      vertex 192.775 7.02599 42.4715
    endloop
  endfacet
  facet normal 0 -0.707114 -0.707099
    outer loop
      vertex 189.616 3.29343 46.204
      vertex 190.508 0 49.4975
      vertex 186.498 0 49.4975
    endloop
  endfacet
  facet normal 0 0.707114 -0.707099
    outer loop
      vertex 190.508 0 49.4975
      vertex 189.616 -3.29343 46.204
      vertex 186.498 0 49.4975
    endloop
  endfacet
  facet normal 1.23325e-05 0.707113 -0.707101
    outer loop
      vertex 193.855 -3.5313 45.9662
      vertex 189.616 -3.29343 46.204
      vertex 190.508 0 49.4975
    endloop
  endfacet
  facet normal 1.15893e-05 0.707106 -0.707108
    outer loop
      vertex 193.855 -3.5313 45.9662
      vertex 192.775 -7.02599 42.4715
      vertex 189.616 -3.29343 46.204
    endloop
  endfacet
  facet normal 1.93206e-05 0.707105 -0.707109
    outer loop
      vertex 193.855 -3.5313 45.9662
      vertex 193.065 -7.3979 42.0996
      vertex 192.775 -7.02599 42.4715
    endloop
  endfacet
  facet normal -1.00724e-05 0.707108 -0.707106
    outer loop
      vertex 197.25 -7.53074 41.9667
      vertex 193.065 -7.3979 42.0996
      vertex 193.855 -3.5313 45.9662
    endloop
  endfacet
  facet normal -2.96203e-05 0.707105 -0.707108
    outer loop
      vertex 196.251 -11.6379 37.8596
      vertex 197.25 -7.53074 41.9667
      vertex 197.526 -7.88403 41.6134
    endloop
  endfacet
  facet normal -1.03855e-05 0.707103 -0.707111
    outer loop
      vertex 197.25 -7.53074 41.9667
      vertex 196.251 -11.6379 37.8596
      vertex 193.065 -7.3979 42.0996
    endloop
  endfacet
  facet normal -2.08057e-06 0.707101 -0.707113
    outer loop
      vertex 200.954 -12.422 37.0755
      vertex 196.251 -11.6379 37.8596
      vertex 197.526 -7.88403 41.6134
    endloop
  endfacet
  facet normal 2.72928e-06 0.707115 -0.707099
    outer loop
      vertex 200.954 -12.422 37.0755
      vertex 199.459 -16.4922 33.0052
      vertex 196.251 -11.6379 37.8596
    endloop
  endfacet
  facet normal 1.68046e-05 0.707112 -0.707101
    outer loop
      vertex 204.414 -17.6133 31.8842
      vertex 199.459 -16.4922 33.0052
      vertex 200.954 -12.422 37.0755
    endloop
  endfacet
  facet normal 1.6406e-05 0.707112 -0.707102
    outer loop
      vertex 204.414 -17.6133 31.8842
      vertex 202.678 -22.0874 27.41
      vertex 199.459 -16.4922 33.0052
    endloop
  endfacet
  facet normal 1.62879e-05 0.707112 -0.707102
    outer loop
      vertex 207.895 -23.5913 25.9062
      vertex 202.678 -22.0874 27.41
      vertex 204.414 -17.6133 31.8842
    endloop
  endfacet
  facet normal 0 0.707137 -0.707076
    outer loop
      vertex 203.993 -24.7487 24.7487
      vertex 207.895 -23.5913 25.9062
      vertex 208.476 -24.7487 24.7487
    endloop
  endfacet
  facet normal 1.58051e-05 0.707111 -0.707103
    outer loop
      vertex 207.895 -23.5913 25.9062
      vertex 203.993 -24.7487 24.7487
      vertex 202.678 -22.0874 27.41
    endloop
  endfacet
  facet normal 0 0.725339 -0.688392
    outer loop
      vertex 204.691 -26.0101 23.4196
      vertex 208.476 -24.7487 24.7487
      vertex 209.184 -26.0101 23.4196
    endloop
  endfacet
  facet normal 0 0.725339 -0.688392
    outer loop
      vertex 208.476 -24.7487 24.7487
      vertex 204.691 -26.0101 23.4196
      vertex 203.993 -24.7487 24.7487
    endloop
  endfacet
  facet normal 0 0.760426 -0.649424
    outer loop
      vertex 205.502 -27.2001 22.0262
      vertex 209.184 -26.0101 23.4196
      vertex 210.005 -27.2001 22.0262
    endloop
  endfacet
  facet normal 0 0.760426 -0.649424
    outer loop
      vertex 209.184 -26.0101 23.4196
      vertex 205.502 -27.2001 22.0262
      vertex 204.691 -26.0101 23.4196
    endloop
  endfacet
  facet normal 0 0.793344 -0.608774
    outer loop
      vertex 206.424 -28.3156 20.5725
      vertex 210.005 -27.2001 22.0262
      vertex 210.935 -28.3156 20.5725
    endloop
  endfacet
  facet normal 0 0.793344 -0.608774
    outer loop
      vertex 210.005 -27.2001 22.0262
      vertex 206.424 -28.3156 20.5725
      vertex 205.502 -27.2001 22.0262
    endloop
  endfacet
  facet normal 0 0.824147 -0.566376
    outer loop
      vertex 210.935 -28.3156 20.5725
      vertex 207.203 -29.1 19.4311
      vertex 206.424 -28.3156 20.5725
    endloop
  endfacet
  facet normal 0 0.824117 -0.56642
    outer loop
      vertex 207.442 -29.3535 19.0624
      vertex 210.935 -28.3156 20.5725
      vertex 211.974 -29.3535 19.0624
    endloop
  endfacet
  facet normal 6.82811e-05 0.824043 -0.566527
    outer loop
      vertex 210.935 -28.3156 20.5725
      vertex 207.442 -29.3535 19.0624
      vertex 207.203 -29.1 19.4311
    endloop
  endfacet
  facet normal 0 0.852766 -0.522293
    outer loop
      vertex 211.974 -29.3535 19.0624
      vertex 207.499 -29.4036 18.9806
      vertex 207.442 -29.3535 19.0624
    endloop
  endfacet
  facet normal 0 0.85265 -0.522483
    outer loop
      vertex 208.529 -30.3109 17.5
      vertex 211.974 -29.3535 19.0624
      vertex 213.117 -30.3109 17.5
    endloop
  endfacet
  facet normal 4.96597e-06 0.852645 -0.522491
    outer loop
      vertex 211.974 -29.3535 19.0624
      vertex 208.529 -30.3109 17.5
      vertex 207.499 -29.4036 18.9806
    endloop
  endfacet
  facet normal 0 0.878822 -0.47715
    outer loop
      vertex 209.731 -31.1852 15.8897
      vertex 213.117 -30.3109 17.5
      vertex 214.362 -31.1852 15.8897
    endloop
  endfacet
  facet normal 0 0.878822 -0.47715
    outer loop
      vertex 213.117 -30.3109 17.5
      vertex 209.731 -31.1852 15.8897
      vertex 208.529 -30.3109 17.5
    endloop
  endfacet
  facet normal 0 0.902579 -0.430525
    outer loop
      vertex 211.044 -31.9741 14.2358
      vertex 214.362 -31.1852 15.8897
      vertex 215.705 -31.9741 14.2358
    endloop
  endfacet
  facet normal 0 0.902579 -0.430525
    outer loop
      vertex 214.362 -31.1852 15.8897
      vertex 211.044 -31.9741 14.2358
      vertex 209.731 -31.1852 15.8897
    endloop
  endfacet
  facet normal 0 0.923884 -0.382673
    outer loop
      vertex 212.465 -32.6753 12.5429
      vertex 215.705 -31.9741 14.2358
      vertex 217.143 -32.6753 12.5429
    endloop
  endfacet
  facet normal 0 0.923884 -0.382673
    outer loop
      vertex 215.705 -31.9741 14.2358
      vertex 212.465 -32.6753 12.5429
      vertex 211.044 -31.9741 14.2358
    endloop
  endfacet
  facet normal 0 0.942636 -0.333822
    outer loop
      vertex 213.989 -33.287 10.8156
      vertex 217.143 -32.6753 12.5429
      vertex 218.672 -33.287 10.8156
    endloop
  endfacet
  facet normal 0 0.942636 -0.333822
    outer loop
      vertex 217.143 -32.6753 12.5429
      vertex 213.989 -33.287 10.8156
      vertex 212.465 -32.6753 12.5429
    endloop
  endfacet
  facet normal 0 0.958825 -0.283999
    outer loop
      vertex 215.613 -33.8074 9.05865
      vertex 218.672 -33.287 10.8156
      vertex 220.287 -33.8074 9.05865
    endloop
  endfacet
  facet normal 0 0.958825 -0.283999
    outer loop
      vertex 218.672 -33.287 10.8156
      vertex 215.613 -33.8074 9.05865
      vertex 213.989 -33.287 10.8156
    endloop
  endfacet
  facet normal 0 0.972365 -0.233466
    outer loop
      vertex 217.332 -34.2352 7.2769
      vertex 220.287 -33.8074 9.05865
      vertex 221.984 -34.2352 7.2769
    endloop
  endfacet
  facet normal 0 0.972365 -0.233466
    outer loop
      vertex 220.287 -33.8074 9.05865
      vertex 217.332 -34.2352 7.2769
      vertex 215.613 -33.8074 9.05865
    endloop
  endfacet
  facet normal 0 0.983257 -0.182222
    outer loop
      vertex 219.141 -34.5691 5.4752
      vertex 221.984 -34.2352 7.2769
      vertex 223.759 -34.5691 5.4752
    endloop
  endfacet
  facet normal 0 0.983257 -0.182222
    outer loop
      vertex 221.984 -34.2352 7.2769
      vertex 219.141 -34.5691 5.4752
      vertex 217.332 -34.2352 7.2769
    endloop
  endfacet
  facet normal 0 0.991443 -0.13054
    outer loop
      vertex 221.035 -34.8083 3.65849
      vertex 223.759 -34.5691 5.4752
      vertex 225.606 -34.8083 3.65849
    endloop
  endfacet
  facet normal 0 0.991443 -0.13054
    outer loop
      vertex 223.759 -34.5691 5.4752
      vertex 221.035 -34.8083 3.65849
      vertex 219.141 -34.5691 5.4752
    endloop
  endfacet
  facet normal 0 0.996917 -0.0784633
    outer loop
      vertex 225.606 -34.8083 3.65849
      vertex 221.881 -34.8699 2.87583
      vertex 221.035 -34.8083 3.65849
    endloop
  endfacet
  facet normal -7.34366e-05 0.996944 -0.0781159
    outer loop
      vertex 225.606 -34.8083 3.65849
      vertex 221.971 -34.8764 2.79279
      vertex 221.881 -34.8699 2.87583
    endloop
  endfacet
  facet normal 0 0.99692 -0.0784229
    outer loop
      vertex 222.979 -34.952 1.83176
      vertex 225.606 -34.8083 3.65849
      vertex 227.521 -34.952 1.83176
    endloop
  endfacet
  facet normal 1.77419e-07 0.99692 -0.0784231
    outer loop
      vertex 225.606 -34.8083 3.65849
      vertex 222.979 -34.952 1.83176
      vertex 221.971 -34.8764 2.79279
    endloop
  endfacet
  facet normal -0.00353692 0.999544 -0.0299885
    outer loop
      vertex 229.487 -35 0
      vertex 227.521 -34.952 1.83176
      vertex 229.487 -34.9997 0.00999928
    endloop
  endfacet
  facet normal 0 0.999657 -0.0261953
    outer loop
      vertex 227.521 -34.952 1.83176
      vertex 229.487 -35 0
      vertex 224.959 -35 0
    endloop
  endfacet
  facet normal 0 0.999657 -0.0261953
    outer loop
      vertex 227.521 -34.952 1.83176
      vertex 224.959 -35 0
      vertex 222.979 -34.952 1.83176
    endloop
  endfacet
endsolid OpenSCAD_Model
