solid OpenSCAD_Model
  facet normal -0.598578 -0.424338 0.679442
    outer loop
      vertex -134.815 -0.785039 105
      vertex -224.059 -43.0042 0.00999928
      vertex -134.26 -1.56793 105
    endloop
  endfacet
  facet normal -0.569444 -0.471708 0.67322
    outer loop
      vertex -134.26 -1.56793 105
      vertex -224.059 -43.0042 0.00999928
      vertex -219.251 -48.8084 0.00999928
    endloop
  endfacet
  facet normal -0.00206156 0.707072 0.707139
    outer loop
      vertex 0 120 0.00999928
      vertex -7.06535 14.9794 105
      vertex 0 15 105
    endloop
  endfacet
  facet normal -0.545939 -0.837825 0
    outer loop
      vertex -194.164 -70.5342 0
      vertex -186.515 -75.5184 0.00999928
      vertex -194.164 -70.5342 0.00999928
    endloop
  endfacet
  facet normal -0.545939 -0.837825 -0
    outer loop
      vertex -186.515 -75.5184 0.00999928
      vertex -194.164 -70.5342 0
      vertex -186.515 -75.5184 0
    endloop
  endfacet
  facet normal -0.297761 0.69724 0.65207
    outer loop
      vertex -151.037 93.2575 0.00999928
      vertex -160.591 89.1774 0.00999928
      vertex -130.4 3.88229 105
    endloop
  endfacet
  facet normal -0.484971 0.574298 0.659534
    outer loop
      vertex -133.338 2.34652 105
      vertex -207.846 60 0.00999928
      vertex -134.26 1.56793 105
    endloop
  endfacet
  facet normal -0.0838939 -0.716633 0.692386
    outer loop
      vertex -95.4594 -10.6066 105
      vertex -100.325 -10.037 105
      vertex -49.8988 -117.378 0.00999928
    endloop
  endfacet
  facet normal -0.0661791 0.714069 0.69694
    outer loop
      vertex -49.8988 117.378 0.00999928
      vertex -84.9583 11.6572 105
      vertex -37.5443 118.523 0.00999928
    endloop
  endfacet
  facet normal -0.146483 0.989213 0
    outer loop
      vertex -62.1166 115.911 0
      vertex -74.1641 114.127 0.00999928
      vertex -62.1166 115.911 0.00999928
    endloop
  endfacet
  facet normal -0.146483 0.989213 0
    outer loop
      vertex -74.1641 114.127 0.00999928
      vertex -62.1166 115.911 0
      vertex -74.1641 114.127 0
    endloop
  endfacet
  facet normal -0.706589 -0.0370153 0.706656
    outer loop
      vertex -135 0 105
      vertex -240 0 0.00999928
      vertex -239.671 -6.28031 0.00999928
    endloop
  endfacet
  facet normal -0.413835 -0.635091 0.652227
    outer loop
      vertex -133.338 -2.34652 105
      vertex -194.164 -70.5342 0.00999928
      vertex -186.515 -75.5184 0.00999928
    endloop
  endfacet
  facet normal -0.475986 -0.583353 0.658131
    outer loop
      vertex -133.338 -2.34652 105
      vertex -207.846 -60 0.00999928
      vertex -201.281 -65.3567 0.00999928
    endloop
  endfacet
  facet normal -0.0656817 0.997841 0
    outer loop
      vertex -25.0868 119.343 0
      vertex -37.5443 118.523 0.00999928
      vertex -25.0868 119.343 0.00999928
    endloop
  endfacet
  facet normal -0.0656817 0.997841 0
    outer loop
      vertex -37.5443 118.523 0.00999928
      vertex -25.0868 119.343 0
      vertex -37.5443 118.523 0
    endloop
  endfacet
  facet normal -0.484971 -0.574298 0.659534
    outer loop
      vertex -134.26 -1.56793 105
      vertex -207.846 -60 0.00999928
      vertex -133.338 -2.34652 105
    endloop
  endfacet
  facet normal -0.0543807 -0.712121 0.699947
    outer loop
      vertex -73.5263 -12.5801 105
      vertex -79.351 -12.1353 105
      vertex -37.5443 -118.523 0.00999928
    endloop
  endfacet
  facet normal -0.293001 0.956112 0
    outer loop
      vertex -120 103.923 0
      vertex -130.713 100.64 0.00999928
      vertex -120 103.923 0.00999928
    endloop
  endfacet
  facet normal -0.293001 0.956112 0
    outer loop
      vertex -130.713 100.64 0.00999928
      vertex -120 103.923 0
      vertex -130.713 100.64 0
    endloop
  endfacet
  facet normal -0.860392 -0.509633 0
    outer loop
      vertex -228.254 -37.082 0
      vertex -231.822 -31.0583 0.00999928
      vertex -231.822 -31.0583 0
    endloop
  endfacet
  facet normal -0.860392 -0.509633 0
    outer loop
      vertex -231.822 -31.0583 0.00999928
      vertex -228.254 -37.082 0
      vertex -228.254 -37.082 0.00999928
    endloop
  endfacet
  facet normal -0.632201 -0.774805 0
    outer loop
      vertex -207.846 -60 0
      vertex -201.281 -65.3567 0.00999928
      vertex -207.846 -60 0.00999928
    endloop
  endfacet
  facet normal -0.632201 -0.774805 -0
    outer loop
      vertex -201.281 -65.3567 0.00999928
      vertex -207.846 -60 0
      vertex -201.281 -65.3567 0
    endloop
  endfacet
  facet normal -0.390195 0.650865 0.651247
    outer loop
      vertex -132.05 3.11868 105
      vertex -186.515 75.5184 0.00999928
      vertex -133.338 2.34652 105
    endloop
  endfacet
  facet normal -0.672177 -0.249184 0.697198
    outer loop
      vertex -134.815 -0.785039 105
      vertex -237.045 -18.7721 0.00999928
      vertex -234.755 -24.9494 0.00999928
    endloop
  endfacet
  facet normal -0.390195 -0.650865 0.651247
    outer loop
      vertex -133.338 -2.34652 105
      vertex -186.515 -75.5184 0.00999928
      vertex -132.05 -3.11868 105
    endloop
  endfacet
  facet normal -0.224783 0.716616 0.660253
    outer loop
      vertex -126.033 5.37552 105
      vertex -130.713 100.64 0.00999928
      vertex -128.393 4.63525 105
    endloop
  endfacet
  facet normal -0.588283 -0.808655 0
    outer loop
      vertex -201.281 -65.3567 0
      vertex -194.164 -70.5342 0.00999928
      vertex -201.281 -65.3567 0.00999928
    endloop
  endfacet
  facet normal -0.588283 -0.808655 -0
    outer loop
      vertex -194.164 -70.5342 0.00999928
      vertex -201.281 -65.3567 0
      vertex -194.164 -70.5342 0
    endloop
  endfacet
  facet normal -0.219894 -0.717551 0.660884
    outer loop
      vertex -126.033 -5.37552 105
      vertex -130.713 -100.64 0.00999928
      vertex -120 -103.923 0.00999928
    endloop
  endfacet
  facet normal -0.569444 0.471708 0.67322
    outer loop
      vertex -219.251 48.8084 0.00999928
      vertex -224.059 43.0042 0.00999928
      vertex -134.26 1.56793 105
    endloop
  endfacet
  facet normal -0.0860925 0.717015 0.691721
    outer loop
      vertex -62.1166 115.911 0.00999928
      vertex -100.325 10.037 105
      vertex -49.8988 117.378 0.00999928
    endloop
  endfacet
  facet normal -0.172185 -0.722182 0.669929
    outer loop
      vertex -97.6168 -109.625 0.00999928
      vertex -123.329 -6.10105 105
      vertex -108.958 -106.921 0.00999928
    endloop
  endfacet
  facet normal -0.466146 -0.884708 0
    outer loop
      vertex -178.355 -80.2957 0
      vertex -169.706 -84.8528 0.00999928
      vertex -178.355 -80.2957 0.00999928
    endloop
  endfacet
  facet normal -0.466146 -0.884708 -0
    outer loop
      vertex -169.706 -84.8528 0.00999928
      vertex -178.355 -80.2957 0
      vertex -169.706 -84.8528 0
    endloop
  endfacet
  facet normal -0.325465 -0.685985 0.650767
    outer loop
      vertex -132.05 -3.11868 105
      vertex -169.706 -84.8528 0.00999928
      vertex -160.591 -89.1774 0.00999928
    endloop
  endfacet
  facet normal -0.00618276 -0.707198 0.706988
    outer loop
      vertex -7.06535 -14.9794 105
      vertex -14.1113 -14.9178 105
      vertex 0 -120 0.00999928
    endloop
  endfacet
  facet normal -0.0130556 -0.999915 0
    outer loop
      vertex -12.5606 -119.836 0
      vertex 0 -120 0.00999928
      vertex -12.5606 -119.836 0.00999928
    endloop
  endfacet
  facet normal -0.0130556 -0.999915 -0
    outer loop
      vertex 0 -120 0.00999928
      vertex -12.5606 -119.836 0
      vertex 0 -120 0
    endloop
  endfacet
  facet normal -0.075427 -0.715315 0.69472
    outer loop
      vertex -90.3326 -11.1472 105
      vertex -95.4594 -10.6066 105
      vertex -49.8988 -117.378 0.00999928
    endloop
  endfacet
  facet normal -0.626305 -0.370977 0.685652
    outer loop
      vertex -134.815 -0.785039 105
      vertex -231.822 -31.0583 0.00999928
      vertex -228.254 -37.082 0.00999928
    endloop
  endfacet
  facet normal -0.677374 -0.735639 0
    outer loop
      vertex -213.842 -54.4789 0
      vertex -207.846 -60 0.00999928
      vertex -213.842 -54.4789 0.00999928
    endloop
  endfacet
  facet normal -0.677374 -0.735639 -0
    outer loop
      vertex -207.846 -60 0.00999928
      vertex -213.842 -54.4789 0
      vertex -207.846 -60 0
    endloop
  endfacet
  facet normal -0.50746 -0.55111 0.662391
    outer loop
      vertex -134.26 -1.56793 105
      vertex -213.842 -54.4789 0.00999928
      vertex -207.846 -60 0.00999928
    endloop
  endfacet
  facet normal -0.967041 -0.254619 0
    outer loop
      vertex -237.045 -18.7721 0
      vertex -238.685 -12.5434 0.00999928
      vertex -238.685 -12.5434 0
    endloop
  endfacet
  facet normal -0.967041 -0.254619 0
    outer loop
      vertex -238.685 -12.5434 0.00999928
      vertex -237.045 -18.7721 0
      vertex -237.045 -18.7721 0.00999928
    endloop
  endfacet
  facet normal -0.193392 0.72076 0.665661
    outer loop
      vertex -108.958 106.921 0.00999928
      vertex -126.033 5.37552 105
      vertex -123.329 6.10105 105
    endloop
  endfacet
  facet normal -0.265423 -0.707479 0.654999
    outer loop
      vertex -130.4 -3.88229 105
      vertex -141.068 -97.082 0.00999928
      vertex -128.393 -4.63525 105
    endloop
  endfacet
  facet normal -0.998631 -0.0523142 0
    outer loop
      vertex -239.671 -6.28031 0
      vertex -240 0 0.00999928
      vertex -240 0 0
    endloop
  endfacet
  facet normal -0.998631 -0.0523142 0
    outer loop
      vertex -240 0 0.00999928
      vertex -239.671 -6.28031 0
      vertex -239.671 -6.28031 0.00999928
    endloop
  endfacet
  facet normal -0.354137 -0.672123 0.65026
    outer loop
      vertex -132.05 -3.11868 105
      vertex -178.355 -80.2957 0.00999928
      vertex -169.706 -84.8528 0.00999928
    endloop
  endfacet
  facet normal -0.383593 -0.655206 0.650816
    outer loop
      vertex -132.05 -3.11868 105
      vertex -186.515 -75.5184 0.00999928
      vertex -178.355 -80.2957 0.00999928
    endloop
  endfacet
  facet normal -0.413835 0.635091 0.652227
    outer loop
      vertex -186.515 75.5184 0.00999928
      vertex -194.164 70.5342 0.00999928
      vertex -133.338 2.34652 105
    endloop
  endfacet
  facet normal -0.651053 0.312583 0.691681
    outer loop
      vertex -231.822 31.0583 0.00999928
      vertex -234.755 24.9494 0.00999928
      vertex -134.815 0.785039 105
    endloop
  endfacet
  facet normal -0.046811 -0.711155 0.701475
    outer loop
      vertex -25.0868 -119.343 0.00999928
      vertex -67.5 -12.9904 105
      vertex -37.5443 -118.523 0.00999928
    endloop
  endfacet
  facet normal -0.0278944 -0.708744 0.704914
    outer loop
      vertex -12.5606 -119.836 0.00999928
      vertex -48.3797 -14.0037 105
      vertex -25.0868 -119.343 0.00999928
    endloop
  endfacet
  facet normal -0.270873 0.706063 0.654296
    outer loop
      vertex -141.068 97.082 0.00999928
      vertex -151.037 93.2575 0.00999928
      vertex -130.4 3.88229 105
    endloop
  endfacet
  facet normal -0.127732 0.721452 0.680582
    outer loop
      vertex -86.0083 112.03 0.00999928
      vertex -113.221 8.16959 105
      vertex -74.1641 114.127 0.00999928
    endloop
  endfacet
  facet normal -0.0278821 -0.708742 0.704916
    outer loop
      vertex -41.7173 -14.2658 105
      vertex -48.3797 -14.0037 105
      vertex -12.5606 -119.836 0.00999928
    endloop
  endfacet
  facet normal -0.119214 0.992869 0
    outer loop
      vertex -49.8988 117.378 0
      vertex -62.1166 115.911 0.00999928
      vertex -49.8988 117.378 0.00999928
    endloop
  endfacet
  facet normal -0.119214 0.992869 0
    outer loop
      vertex -62.1166 115.911 0.00999928
      vertex -49.8988 117.378 0
      vertex -62.1166 115.911 0
    endloop
  endfacet
  facet normal -0.106555 0.719573 0.686193
    outer loop
      vertex -74.1641 114.127 0.00999928
      vertex -109.217 8.81678 105
      vertex -62.1166 115.911 0.00999928
    endloop
  endfacet
  facet normal -0.967041 0.254619 0
    outer loop
      vertex -238.685 12.5434 0
      vertex -237.045 18.7721 0.00999928
      vertex -237.045 18.7721 0
    endloop
  endfacet
  facet normal -0.967041 0.254619 0
    outer loop
      vertex -237.045 18.7721 0.00999928
      vertex -238.685 12.5434 0
      vertex -238.685 12.5434 0.00999928
    endloop
  endfacet
  facet normal -0.195654 0.720617 0.665155
    outer loop
      vertex -120 103.923 0.00999928
      vertex -126.033 5.37552 105
      vertex -108.958 106.921 0.00999928
    endloop
  endfacet
  facet normal -0.168223 -0.722199 0.670917
    outer loop
      vertex -120.286 -6.80986 105
      vertex -123.329 -6.10105 105
      vertex -97.6168 -109.625 0.00999928
    endloop
  endfacet
  facet normal -0.0393271 0.999226 0
    outer loop
      vertex -12.5606 119.836 0
      vertex -25.0868 119.343 0.00999928
      vertex -12.5606 119.836 0.00999928
    endloop
  endfacet
  facet normal -0.0393271 0.999226 0
    outer loop
      vertex -25.0868 119.343 0.00999928
      vertex -12.5606 119.836 0
      vertex -25.0868 119.343 0
    endloop
  endfacet
  facet normal -0.358185 -0.933651 0
    outer loop
      vertex -151.037 -93.2575 0
      vertex -141.068 -97.082 0.00999928
      vertex -151.037 -93.2575 0.00999928
    endloop
  endfacet
  facet normal -0.358185 -0.933651 -0
    outer loop
      vertex -141.068 -97.082 0.00999928
      vertex -151.037 -93.2575 0
      vertex -141.068 -97.082 0
    endloop
  endfacet
  facet normal -0.0278944 0.708744 0.704914
    outer loop
      vertex -25.0868 119.343 0.00999928
      vertex -48.3797 14.0037 105
      vertex -12.5606 119.836 0.00999928
    endloop
  endfacet
  facet normal -0.174337 0.984686 0
    outer loop
      vertex -74.1641 114.127 0
      vertex -86.0083 112.03 0.00999928
      vertex -74.1641 114.127 0.00999928
    endloop
  endfacet
  facet normal -0.174337 0.984686 0
    outer loop
      vertex -86.0083 112.03 0.00999928
      vertex -74.1641 114.127 0
      vertex -86.0083 112.03 0
    endloop
  endfacet
  facet normal -0.24492 0.712802 0.657211
    outer loop
      vertex -130.713 100.64 0.00999928
      vertex -141.068 97.082 0.00999928
      vertex -128.393 4.63525 105
    endloop
  endfacet
  facet normal -0.0608033 -0.713119 0.698401
    outer loop
      vertex -79.351 -12.1353 105
      vertex -84.9583 -11.6572 105
      vertex -37.5443 -118.523 0.00999928
    endloop
  endfacet
  facet normal -0.262023 -0.965062 0
    outer loop
      vertex -120 -103.923 0
      vertex -108.958 -106.921 0.00999928
      vertex -120 -103.923 0.00999928
    endloop
  endfacet
  facet normal -0.262023 -0.965062 -0
    outer loop
      vertex -108.958 -106.921 0.00999928
      vertex -120 -103.923 0
      vertex -108.958 -106.921 0
    endloop
  endfacet
  facet normal -0.475986 0.583353 0.658131
    outer loop
      vertex -201.281 65.3567 0.00999928
      vertex -207.846 60 0.00999928
      vertex -133.338 2.34652 105
    endloop
  endfacet
  facet normal -0.0130556 0.999915 0
    outer loop
      vertex 0 120 0
      vertex -12.5606 119.836 0.00999928
      vertex 0 120 0.00999928
    endloop
  endfacet
  facet normal -0.0130556 0.999915 0
    outer loop
      vertex -12.5606 119.836 0.00999928
      vertex 0 120 0
      vertex -12.5606 119.836 0
    endloop
  endfacet
  facet normal -0.688866 -0.181377 0.701831
    outer loop
      vertex -134.815 -0.785039 105
      vertex -238.685 -12.5434 0.00999928
      vertex -237.045 -18.7721 0.00999928
    endloop
  endfacet
  facet normal -0.651053 -0.312583 0.691681
    outer loop
      vertex -134.815 -0.785039 105
      vertex -234.755 -24.9494 0.00999928
      vertex -231.822 -31.0583 0.00999928
    endloop
  endfacet
  facet normal -0.770099 0.637924 0
    outer loop
      vertex -224.059 43.0042 0
      vertex -219.251 48.8084 0.00999928
      vertex -219.251 48.8084 0
    endloop
  endfacet
  facet normal -0.770099 0.637924 0
    outer loop
      vertex -219.251 48.8084 0.00999928
      vertex -224.059 43.0042 0
      vertex -224.059 43.0042 0.00999928
    endloop
  endfacet
  facet normal -0.598717 -0.424102 0.679466
    outer loop
      vertex -134.815 -0.785039 105
      vertex -228.254 -37.082 0.00999928
      vertex -224.059 -43.0042 0.00999928
    endloop
  endfacet
  facet normal -0.816017 -0.578027 0
    outer loop
      vertex -224.059 -43.0042 0
      vertex -228.254 -37.082 0.00999928
      vertex -228.254 -37.082 0
    endloop
  endfacet
  facet normal -0.816017 -0.578027 0
    outer loop
      vertex -228.254 -37.082 0.00999928
      vertex -224.059 -43.0042 0
      vertex -224.059 -43.0042 0.00999928
    endloop
  endfacet
  facet normal -0.538826 -0.513978 0.667453
    outer loop
      vertex -134.26 -1.56793 105
      vertex -219.251 -48.8084 0.00999928
      vertex -213.842 -54.4789 0.00999928
    endloop
  endfacet
  facet normal -0.688866 0.181377 0.701831
    outer loop
      vertex -237.045 18.7721 0.00999928
      vertex -238.685 12.5434 0.00999928
      vertex -134.815 0.785039 105
    endloop
  endfacet
  facet normal -0.0933971 0.71785 0.689905
    outer loop
      vertex -62.1166 115.911 0.00999928
      vertex -104.915 9.43981 105
      vertex -100.325 10.037 105
    endloop
  endfacet
  facet normal -0.130863 0.721557 0.679875
    outer loop
      vertex -86.0083 112.03 0.00999928
      vertex -116.913 7.5 105
      vertex -113.221 8.16959 105
    endloop
  endfacet
  facet normal -0.193392 -0.72076 0.665661
    outer loop
      vertex -123.329 -6.10105 105
      vertex -126.033 -5.37552 105
      vertex -108.958 -106.921 0.00999928
    endloop
  endfacet
  facet normal -0.0326362 0.709167 0.704285
    outer loop
      vertex -25.0868 119.343 0.00999928
      vertex -54.9094 13.7032 105
      vertex -48.3797 14.0037 105
    endloop
  endfacet
  facet normal -0.270873 -0.706063 0.654296
    outer loop
      vertex -130.4 -3.88229 105
      vertex -151.037 -93.2575 0.00999928
      vertex -141.068 -97.082 0.00999928
    endloop
  endfacet
  facet normal -0.0656817 -0.997841 0
    outer loop
      vertex -37.5443 -118.523 0
      vertex -25.0868 -119.343 0.00999928
      vertex -37.5443 -118.523 0.00999928
    endloop
  endfacet
  facet normal -0.0656817 -0.997841 -0
    outer loop
      vertex -25.0868 -119.343 0.00999928
      vertex -37.5443 -118.523 0
      vertex -25.0868 -119.343 0
    endloop
  endfacet
  facet normal -0.598717 0.424102 0.679466
    outer loop
      vertex -224.059 43.0042 0.00999928
      vertex -228.254 37.082 0.00999928
      vertex -134.815 0.785039 105
    endloop
  endfacet
  facet normal -0.0677801 -0.714256 0.696594
    outer loop
      vertex -84.9583 -11.6572 105
      vertex -90.3326 -11.1472 105
      vertex -49.8988 -117.378 0.00999928
    endloop
  endfacet
  facet normal -0.700555 0.110289 0.705024
    outer loop
      vertex -238.685 12.5434 0.00999928
      vertex -239.671 6.28031 0.00999928
      vertex -135 0 105
    endloop
  endfacet
  facet normal -0.168223 0.722199 0.670917
    outer loop
      vertex -97.6168 109.625 0.00999928
      vertex -123.329 6.10105 105
      vertex -120.286 6.80986 105
    endloop
  endfacet
  facet normal -0.116442 -0.720397 0.683718
    outer loop
      vertex -109.217 -8.81678 105
      vertex -113.221 -8.16959 105
      vertex -74.1641 -114.127 0.00999928
    endloop
  endfacet
  facet normal -0.937644 -0.347596 0
    outer loop
      vertex -234.755 -24.9494 0
      vertex -237.045 -18.7721 0.00999928
      vertex -237.045 -18.7721 0
    endloop
  endfacet
  facet normal -0.937644 -0.347596 0
    outer loop
      vertex -237.045 -18.7721 0.00999928
      vertex -234.755 -24.9494 0
      vertex -234.755 -24.9494 0.00999928
    endloop
  endfacet
  facet normal -0.0933971 -0.71785 0.689905
    outer loop
      vertex -100.325 -10.037 105
      vertex -104.915 -9.43981 105
      vertex -62.1166 -115.911 0.00999928
    endloop
  endfacet
  facet normal -0.219894 0.717551 0.660884
    outer loop
      vertex -120 103.923 0.00999928
      vertex -130.713 100.64 0.00999928
      vertex -126.033 5.37552 105
    endloop
  endfacet
  facet normal -0.14966 -0.722382 0.675104
    outer loop
      vertex -86.0083 -112.03 0.00999928
      vertex -120.286 -6.80986 105
      vertex -97.6168 -109.625 0.00999928
    endloop
  endfacet
  facet normal -0.195654 -0.720617 0.665155
    outer loop
      vertex -108.958 -106.921 0.00999928
      vertex -126.033 -5.37552 105
      vertex -120 -103.923 0.00999928
    endloop
  endfacet
  facet normal -0.104162 0.719232 0.686918
    outer loop
      vertex -62.1166 115.911 0.00999928
      vertex -109.217 8.81678 105
      vertex -104.915 9.43981 105
    endloop
  endfacet
  facet normal -0.075427 0.715315 0.69472
    outer loop
      vertex -49.8988 117.378 0.00999928
      vertex -95.4594 10.6066 105
      vertex -90.3326 11.1472 105
    endloop
  endfacet
  facet normal -0.0188778 -0.707789 0.706172
    outer loop
      vertex -28.0681 -14.6722 105
      vertex -34.9406 -14.4889 105
      vertex -12.5606 -119.836 0.00999928
    endloop
  endfacet
  facet normal -0.444702 -0.611288 0.65465
    outer loop
      vertex -133.338 -2.34652 105
      vertex -201.281 -65.3567 0.00999928
      vertex -194.164 -70.5342 0.00999928
    endloop
  endfacet
  facet normal 0 0 -1
    outer loop
      vertex -12.5606 -119.836 0
      vertex 0 -117.875 0
      vertex 0 -120 0
    endloop
  endfacet
  facet normal 0 0 -1
    outer loop
      vertex 0 -117.875 0
      vertex -12.3513 -115.841 0
      vertex 0 -116 0
    endloop
  endfacet
  facet normal -0 0 -1
    outer loop
      vertex 0 -117.875 0
      vertex -12.5606 -119.836 0
      vertex -12.3513 -115.841 0
    endloop
  endfacet
  facet normal 0 0 -1
    outer loop
      vertex -12.5606 -119.836 0
      vertex -24.6687 -115.365 0
      vertex -12.3513 -115.841 0
    endloop
  endfacet
  facet normal 0 0 -1
    outer loop
      vertex -25.0868 -119.343 0
      vertex -24.6687 -115.365 0
      vertex -12.5606 -119.836 0
    endloop
  endfacet
  facet normal 0 0 -1
    outer loop
      vertex -25.0868 -119.343 0
      vertex -36.9185 -114.572 0
      vertex -24.6687 -115.365 0
    endloop
  endfacet
  facet normal 0 0 -1
    outer loop
      vertex -37.5443 -118.523 0
      vertex -36.9185 -114.572 0
      vertex -25.0868 -119.343 0
    endloop
  endfacet
  facet normal 0 0 -1
    outer loop
      vertex -37.5443 -118.523 0
      vertex -49.0672 -113.465 0
      vertex -36.9185 -114.572 0
    endloop
  endfacet
  facet normal 0 0 -1
    outer loop
      vertex -49.8988 -117.378 0
      vertex -49.0672 -113.465 0
      vertex -37.5443 -118.523 0
    endloop
  endfacet
  facet normal 0 0 -1
    outer loop
      vertex -49.8988 -117.378 0
      vertex -61.0813 -112.047 0
      vertex -49.0672 -113.465 0
    endloop
  endfacet
  facet normal 0 0 -1
    outer loop
      vertex -62.1166 -115.911 0
      vertex -61.0813 -112.047 0
      vertex -49.8988 -117.378 0
    endloop
  endfacet
  facet normal 0 0 -1
    outer loop
      vertex -62.1166 -115.911 0
      vertex -72.928 -110.323 0
      vertex -61.0813 -112.047 0
    endloop
  endfacet
  facet normal 0 0 -1
    outer loop
      vertex -74.1641 -114.127 0
      vertex -72.928 -110.323 0
      vertex -62.1166 -115.911 0
    endloop
  endfacet
  facet normal 0 0 -1
    outer loop
      vertex -74.1641 -114.127 0
      vertex -84.5748 -108.295 0
      vertex -72.928 -110.323 0
    endloop
  endfacet
  facet normal 0 0 -1
    outer loop
      vertex -86.0083 -112.03 0
      vertex -84.5748 -108.295 0
      vertex -74.1641 -114.127 0
    endloop
  endfacet
  facet normal 0 0 -1
    outer loop
      vertex -86.0083 -112.03 0
      vertex -95.9898 -105.971 0
      vertex -84.5748 -108.295 0
    endloop
  endfacet
  facet normal 0 0 -1
    outer loop
      vertex -97.6168 -109.625 0
      vertex -95.9898 -105.971 0
      vertex -86.0083 -112.03 0
    endloop
  endfacet
  facet normal 0 0 -1
    outer loop
      vertex -97.6168 -109.625 0
      vertex -107.142 -103.357 0
      vertex -95.9898 -105.971 0
    endloop
  endfacet
  facet normal 0 0 -1
    outer loop
      vertex -108.958 -106.921 0
      vertex -107.142 -103.357 0
      vertex -97.6168 -109.625 0
    endloop
  endfacet
  facet normal 0 0 -1
    outer loop
      vertex -108.958 -106.921 0
      vertex -118 -100.459 0
      vertex -107.142 -103.357 0
    endloop
  endfacet
  facet normal 0 0 -1
    outer loop
      vertex -120 -103.923 0
      vertex -118 -100.459 0
      vertex -108.958 -106.921 0
    endloop
  endfacet
  facet normal 0 0 -1
    outer loop
      vertex -120 -103.923 0
      vertex -128.535 -97.2858 0
      vertex -118 -100.459 0
    endloop
  endfacet
  facet normal 0 0 -1
    outer loop
      vertex -130.713 -100.64 0
      vertex -128.535 -97.2858 0
      vertex -120 -103.923 0
    endloop
  endfacet
  facet normal 0 0 -1
    outer loop
      vertex -130.713 -100.64 0
      vertex -138.717 -93.846 0
      vertex -128.535 -97.2858 0
    endloop
  endfacet
  facet normal 0 0 -1
    outer loop
      vertex -141.068 -97.082 0
      vertex -138.717 -93.846 0
      vertex -130.713 -100.64 0
    endloop
  endfacet
  facet normal 0 0 -1
    outer loop
      vertex -141.068 -97.082 0
      vertex -148.52 -90.1489 0
      vertex -138.717 -93.846 0
    endloop
  endfacet
  facet normal 0 0 -1
    outer loop
      vertex -151.037 -93.2575 0
      vertex -148.52 -90.1489 0
      vertex -141.068 -97.082 0
    endloop
  endfacet
  facet normal 0 0 -1
    outer loop
      vertex -151.037 -93.2575 0
      vertex -157.915 -86.2048 0
      vertex -148.52 -90.1489 0
    endloop
  endfacet
  facet normal 0 0 -1
    outer loop
      vertex -160.591 -89.1774 0
      vertex -157.915 -86.2048 0
      vertex -151.037 -93.2575 0
    endloop
  endfacet
  facet normal 0 0 -1
    outer loop
      vertex -160.591 -89.1774 0
      vertex -166.877 -82.0244 0
      vertex -157.915 -86.2048 0
    endloop
  endfacet
  facet normal 0 0 -1
    outer loop
      vertex -169.706 -84.8528 0
      vertex -166.877 -82.0244 0
      vertex -160.591 -89.1774 0
    endloop
  endfacet
  facet normal 0 0 -1
    outer loop
      vertex -169.706 -84.8528 0
      vertex -175.382 -77.6191 0
      vertex -166.877 -82.0244 0
    endloop
  endfacet
  facet normal 0 0 -1
    outer loop
      vertex -178.355 -80.2957 0
      vertex -175.382 -77.6191 0
      vertex -169.706 -84.8528 0
    endloop
  endfacet
  facet normal 0 0 -1
    outer loop
      vertex -178.355 -80.2957 0
      vertex -183.406 -73.0012 0
      vertex -175.382 -77.6191 0
    endloop
  endfacet
  facet normal 0 0 -1
    outer loop
      vertex -186.515 -75.5184 0
      vertex -183.406 -73.0012 0
      vertex -178.355 -80.2957 0
    endloop
  endfacet
  facet normal 0 0 -1
    outer loop
      vertex -186.515 -75.5184 0
      vertex -190.928 -68.1831 0
      vertex -183.406 -73.0012 0
    endloop
  endfacet
  facet normal 0 0 -1
    outer loop
      vertex -194.164 -70.5342 0
      vertex -190.928 -68.1831 0
      vertex -186.515 -75.5184 0
    endloop
  endfacet
  facet normal 0 0 -1
    outer loop
      vertex -194.164 -70.5342 0
      vertex -197.926 -63.1781 0
      vertex -190.928 -68.1831 0
    endloop
  endfacet
  facet normal 0 0 -1
    outer loop
      vertex -201.281 -65.3567 0
      vertex -197.926 -63.1781 0
      vertex -194.164 -70.5342 0
    endloop
  endfacet
  facet normal 0 0 -1
    outer loop
      vertex -201.281 -65.3567 0
      vertex -204.382 -58 0
      vertex -197.926 -63.1781 0
    endloop
  endfacet
  facet normal 0 0 -1
    outer loop
      vertex -207.846 -60 0
      vertex -204.382 -58 0
      vertex -201.281 -65.3567 0
    endloop
  endfacet
  facet normal 0 0 -1
    outer loop
      vertex -207.846 -60 0
      vertex -210.278 -52.6629 0
      vertex -204.382 -58 0
    endloop
  endfacet
  facet normal 0 0 -1
    outer loop
      vertex -213.842 -54.4789 0
      vertex -210.278 -52.6629 0
      vertex -207.846 -60 0
    endloop
  endfacet
  facet normal 0 0 -1
    outer loop
      vertex -213.842 -54.4789 0
      vertex -215.597 -47.1814 0
      vertex -210.278 -52.6629 0
    endloop
  endfacet
  facet normal 0 0 -1
    outer loop
      vertex -219.251 -48.8084 0
      vertex -215.597 -47.1814 0
      vertex -213.842 -54.4789 0
    endloop
  endfacet
  facet normal 0 0 -1
    outer loop
      vertex -219.251 -48.8084 0
      vertex -220.325 -41.5707 0
      vertex -215.597 -47.1814 0
    endloop
  endfacet
  facet normal 0 0 -1
    outer loop
      vertex -224.059 -43.0042 0
      vertex -220.325 -41.5707 0
      vertex -219.251 -48.8084 0
    endloop
  endfacet
  facet normal 0 0 -1
    outer loop
      vertex -224.059 -43.0042 0
      vertex -224.449 -35.846 0
      vertex -220.325 -41.5707 0
    endloop
  endfacet
  facet normal 0 0 -1
    outer loop
      vertex -228.254 -37.082 0
      vertex -224.449 -35.846 0
      vertex -224.059 -43.0042 0
    endloop
  endfacet
  facet normal -0 0 -1
    outer loop
      vertex -224.449 -35.846 0
      vertex -228.254 -37.082 0
      vertex -227.958 -30.023 0
    endloop
  endfacet
  facet normal 0 0 -1
    outer loop
      vertex -231.822 -31.0583 0
      vertex -227.958 -30.023 0
      vertex -228.254 -37.082 0
    endloop
  endfacet
  facet normal -0 0 -1
    outer loop
      vertex -227.958 -30.023 0
      vertex -231.822 -31.0583 0
      vertex -230.843 -24.1178 0
    endloop
  endfacet
  facet normal 0 0 -1
    outer loop
      vertex -234.755 -24.9494 0
      vertex -230.843 -24.1178 0
      vertex -231.822 -31.0583 0
    endloop
  endfacet
  facet normal -0 0 -1
    outer loop
      vertex -230.843 -24.1178 0
      vertex -234.755 -24.9494 0
      vertex -233.094 -18.1464 0
    endloop
  endfacet
  facet normal 0 0 -1
    outer loop
      vertex -237.045 -18.7721 0
      vertex -233.094 -18.1464 0
      vertex -234.755 -24.9494 0
    endloop
  endfacet
  facet normal -0 0 -1
    outer loop
      vertex -233.094 -18.1464 0
      vertex -237.045 -18.7721 0
      vertex -234.707 -12.1253 0
    endloop
  endfacet
  facet normal 0 0 -1
    outer loop
      vertex -238.685 -12.5434 0
      vertex -234.707 -12.1253 0
      vertex -237.045 -18.7721 0
    endloop
  endfacet
  facet normal -0 0 -1
    outer loop
      vertex -234.707 -12.1253 0
      vertex -238.685 -12.5434 0
      vertex -235.677 -6.07097 0
    endloop
  endfacet
  facet normal 0 0 -1
    outer loop
      vertex 0 -116 0
      vertex 7.75 -117.774 0
      vertex 0 -117.875 0
    endloop
  endfacet
  facet normal 0 0 -1
    outer loop
      vertex 7.75 -117.774 0
      vertex 0 -116 0
      vertex 7.75 -115.9 0
    endloop
  endfacet
  facet normal 0 0 -1
    outer loop
      vertex 0 116 0
      vertex 7.75 117.774 0
      vertex 7.75 115.9 0
    endloop
  endfacet
  facet normal 0 0 -1
    outer loop
      vertex 0 116 0
      vertex 0 117.875 0
      vertex 7.75 117.774 0
    endloop
  endfacet
  facet normal 0 0 -1
    outer loop
      vertex -12.3513 115.841 0
      vertex 0 117.875 0
      vertex 0 116 0
    endloop
  endfacet
  facet normal 0 0 -1
    outer loop
      vertex -12.5606 119.836 0
      vertex 0 117.875 0
      vertex -12.3513 115.841 0
    endloop
  endfacet
  facet normal 0 0 -1
    outer loop
      vertex 0 117.875 0
      vertex -12.5606 119.836 0
      vertex 0 120 0
    endloop
  endfacet
  facet normal 0 0 -1
    outer loop
      vertex -24.6687 115.365 0
      vertex -12.5606 119.836 0
      vertex -12.3513 115.841 0
    endloop
  endfacet
  facet normal 0 0 -1
    outer loop
      vertex -24.6687 115.365 0
      vertex -25.0868 119.343 0
      vertex -12.5606 119.836 0
    endloop
  endfacet
  facet normal 0 0 -1
    outer loop
      vertex -36.9185 114.572 0
      vertex -25.0868 119.343 0
      vertex -24.6687 115.365 0
    endloop
  endfacet
  facet normal 0 0 -1
    outer loop
      vertex -36.9185 114.572 0
      vertex -37.5443 118.523 0
      vertex -25.0868 119.343 0
    endloop
  endfacet
  facet normal 0 0 -1
    outer loop
      vertex -49.0672 113.465 0
      vertex -37.5443 118.523 0
      vertex -36.9185 114.572 0
    endloop
  endfacet
  facet normal 0 0 -1
    outer loop
      vertex -49.0672 113.465 0
      vertex -49.8988 117.378 0
      vertex -37.5443 118.523 0
    endloop
  endfacet
  facet normal 0 0 -1
    outer loop
      vertex -61.0813 112.047 0
      vertex -49.8988 117.378 0
      vertex -49.0672 113.465 0
    endloop
  endfacet
  facet normal 0 0 -1
    outer loop
      vertex -61.0813 112.047 0
      vertex -62.1166 115.911 0
      vertex -49.8988 117.378 0
    endloop
  endfacet
  facet normal 0 0 -1
    outer loop
      vertex -72.928 110.323 0
      vertex -62.1166 115.911 0
      vertex -61.0813 112.047 0
    endloop
  endfacet
  facet normal 0 0 -1
    outer loop
      vertex -72.928 110.323 0
      vertex -74.1641 114.127 0
      vertex -62.1166 115.911 0
    endloop
  endfacet
  facet normal 0 0 -1
    outer loop
      vertex -84.5748 108.295 0
      vertex -74.1641 114.127 0
      vertex -72.928 110.323 0
    endloop
  endfacet
  facet normal 0 0 -1
    outer loop
      vertex -84.5748 108.295 0
      vertex -86.0083 112.03 0
      vertex -74.1641 114.127 0
    endloop
  endfacet
  facet normal 0 0 -1
    outer loop
      vertex -95.9898 105.971 0
      vertex -86.0083 112.03 0
      vertex -84.5748 108.295 0
    endloop
  endfacet
  facet normal 0 0 -1
    outer loop
      vertex -95.9898 105.971 0
      vertex -97.6168 109.625 0
      vertex -86.0083 112.03 0
    endloop
  endfacet
  facet normal 0 0 -1
    outer loop
      vertex -107.142 103.357 0
      vertex -97.6168 109.625 0
      vertex -95.9898 105.971 0
    endloop
  endfacet
  facet normal 0 0 -1
    outer loop
      vertex -107.142 103.357 0
      vertex -108.958 106.921 0
      vertex -97.6168 109.625 0
    endloop
  endfacet
  facet normal 0 0 -1
    outer loop
      vertex -118 100.459 0
      vertex -108.958 106.921 0
      vertex -107.142 103.357 0
    endloop
  endfacet
  facet normal 0 0 -1
    outer loop
      vertex -118 100.459 0
      vertex -120 103.923 0
      vertex -108.958 106.921 0
    endloop
  endfacet
  facet normal 0 0 -1
    outer loop
      vertex -128.535 97.2858 0
      vertex -120 103.923 0
      vertex -118 100.459 0
    endloop
  endfacet
  facet normal 0 0 -1
    outer loop
      vertex -128.535 97.2858 0
      vertex -130.713 100.64 0
      vertex -120 103.923 0
    endloop
  endfacet
  facet normal 0 0 -1
    outer loop
      vertex -138.717 93.846 0
      vertex -130.713 100.64 0
      vertex -128.535 97.2858 0
    endloop
  endfacet
  facet normal 0 0 -1
    outer loop
      vertex -138.717 93.846 0
      vertex -141.068 97.082 0
      vertex -130.713 100.64 0
    endloop
  endfacet
  facet normal 0 0 -1
    outer loop
      vertex -148.52 90.1489 0
      vertex -141.068 97.082 0
      vertex -138.717 93.846 0
    endloop
  endfacet
  facet normal 0 0 -1
    outer loop
      vertex -148.52 90.1489 0
      vertex -151.037 93.2575 0
      vertex -141.068 97.082 0
    endloop
  endfacet
  facet normal 0 0 -1
    outer loop
      vertex -157.915 86.2048 0
      vertex -151.037 93.2575 0
      vertex -148.52 90.1489 0
    endloop
  endfacet
  facet normal 0 0 -1
    outer loop
      vertex -157.915 86.2048 0
      vertex -160.591 89.1774 0
      vertex -151.037 93.2575 0
    endloop
  endfacet
  facet normal 0 0 -1
    outer loop
      vertex -166.877 82.0244 0
      vertex -160.591 89.1774 0
      vertex -157.915 86.2048 0
    endloop
  endfacet
  facet normal 0 0 -1
    outer loop
      vertex -166.877 82.0244 0
      vertex -169.706 84.8528 0
      vertex -160.591 89.1774 0
    endloop
  endfacet
  facet normal 0 0 -1
    outer loop
      vertex -175.382 77.6191 0
      vertex -169.706 84.8528 0
      vertex -166.877 82.0244 0
    endloop
  endfacet
  facet normal 0 0 -1
    outer loop
      vertex -175.382 77.6191 0
      vertex -178.355 80.2957 0
      vertex -169.706 84.8528 0
    endloop
  endfacet
  facet normal 0 0 -1
    outer loop
      vertex -183.406 73.0012 0
      vertex -178.355 80.2957 0
      vertex -175.382 77.6191 0
    endloop
  endfacet
  facet normal 0 0 -1
    outer loop
      vertex -183.406 73.0012 0
      vertex -186.515 75.5184 0
      vertex -178.355 80.2957 0
    endloop
  endfacet
  facet normal 0 0 -1
    outer loop
      vertex -190.928 68.1831 0
      vertex -186.515 75.5184 0
      vertex -183.406 73.0012 0
    endloop
  endfacet
  facet normal 0 0 -1
    outer loop
      vertex -190.928 68.1831 0
      vertex -194.164 70.5342 0
      vertex -186.515 75.5184 0
    endloop
  endfacet
  facet normal 0 0 -1
    outer loop
      vertex -197.926 63.1781 0
      vertex -194.164 70.5342 0
      vertex -190.928 68.1831 0
    endloop
  endfacet
  facet normal 0 0 -1
    outer loop
      vertex -197.926 63.1781 0
      vertex -201.281 65.3567 0
      vertex -194.164 70.5342 0
    endloop
  endfacet
  facet normal 0 0 -1
    outer loop
      vertex -204.382 58 0
      vertex -201.281 65.3567 0
      vertex -197.926 63.1781 0
    endloop
  endfacet
  facet normal 0 0 -1
    outer loop
      vertex -204.382 58 0
      vertex -207.846 60 0
      vertex -201.281 65.3567 0
    endloop
  endfacet
  facet normal 0 0 -1
    outer loop
      vertex -210.278 52.6629 0
      vertex -207.846 60 0
      vertex -204.382 58 0
    endloop
  endfacet
  facet normal 0 0 -1
    outer loop
      vertex -210.278 52.6629 0
      vertex -213.842 54.4789 0
      vertex -207.846 60 0
    endloop
  endfacet
  facet normal 0 0 -1
    outer loop
      vertex -215.597 47.1814 0
      vertex -213.842 54.4789 0
      vertex -210.278 52.6629 0
    endloop
  endfacet
  facet normal 0 0 -1
    outer loop
      vertex -215.597 47.1814 0
      vertex -219.251 48.8084 0
      vertex -213.842 54.4789 0
    endloop
  endfacet
  facet normal 0 0 -1
    outer loop
      vertex -220.325 41.5707 0
      vertex -219.251 48.8084 0
      vertex -215.597 47.1814 0
    endloop
  endfacet
  facet normal 0 0 -1
    outer loop
      vertex -220.325 41.5707 0
      vertex -224.059 43.0042 0
      vertex -219.251 48.8084 0
    endloop
  endfacet
  facet normal 0 0 -1
    outer loop
      vertex -224.449 35.846 0
      vertex -224.059 43.0042 0
      vertex -220.325 41.5707 0
    endloop
  endfacet
  facet normal 0 0 -1
    outer loop
      vertex -228.254 37.082 0
      vertex -224.449 35.846 0
      vertex -227.958 30.023 0
    endloop
  endfacet
  facet normal 0 0 -1
    outer loop
      vertex -224.449 35.846 0
      vertex -228.254 37.082 0
      vertex -224.059 43.0042 0
    endloop
  endfacet
  facet normal 0 0 -1
    outer loop
      vertex -231.822 31.0583 0
      vertex -227.958 30.023 0
      vertex -230.843 24.1178 0
    endloop
  endfacet
  facet normal 0 0 -1
    outer loop
      vertex -227.958 30.023 0
      vertex -231.822 31.0583 0
      vertex -228.254 37.082 0
    endloop
  endfacet
  facet normal 0 0 -1
    outer loop
      vertex -234.755 24.9494 0
      vertex -230.843 24.1178 0
      vertex -233.094 18.1464 0
    endloop
  endfacet
  facet normal 0 0 -1
    outer loop
      vertex -237.045 18.7721 0
      vertex -233.094 18.1464 0
      vertex -234.707 12.1253 0
    endloop
  endfacet
  facet normal 0 0 -1
    outer loop
      vertex -230.843 24.1178 0
      vertex -234.755 24.9494 0
      vertex -231.822 31.0583 0
    endloop
  endfacet
  facet normal 0 0 -1
    outer loop
      vertex -238.685 12.5434 0
      vertex -234.707 12.1253 0
      vertex -235.677 6.07097 0
    endloop
  endfacet
  facet normal 0 0 -1
    outer loop
      vertex -239.671 6.28031 0
      vertex -235.677 6.07097 0
      vertex -236 0 0
    endloop
  endfacet
  facet normal 0 0 -1
    outer loop
      vertex -239.671 -6.28031 0
      vertex -235.677 -6.07097 0
      vertex -238.685 -12.5434 0
    endloop
  endfacet
  facet normal 0 0 -1
    outer loop
      vertex -233.094 18.1464 0
      vertex -237.045 18.7721 0
      vertex -234.755 24.9494 0
    endloop
  endfacet
  facet normal -0 0 -1
    outer loop
      vertex -235.677 -6.07097 0
      vertex -239.671 -6.28031 0
      vertex -236 0 0
    endloop
  endfacet
  facet normal 0 0 -1
    outer loop
      vertex -234.707 12.1253 0
      vertex -238.685 12.5434 0
      vertex -237.045 18.7721 0
    endloop
  endfacet
  facet normal 0 0 -1
    outer loop
      vertex -240 0 0
      vertex -236 0 0
      vertex -239.671 -6.28031 0
    endloop
  endfacet
  facet normal 0 0 -1
    outer loop
      vertex -235.677 6.07097 0
      vertex -239.671 6.28031 0
      vertex -238.685 12.5434 0
    endloop
  endfacet
  facet normal 0 0 -1
    outer loop
      vertex -236 0 0
      vertex -240 0 0
      vertex -239.671 6.28031 0
    endloop
  endfacet
  facet normal -0.538826 0.513978 0.667453
    outer loop
      vertex -213.842 54.4789 0.00999928
      vertex -219.251 48.8084 0.00999928
      vertex -134.26 1.56793 105
    endloop
  endfacet
  facet normal -0.116442 0.720397 0.683718
    outer loop
      vertex -74.1641 114.127 0.00999928
      vertex -113.221 8.16959 105
      vertex -109.217 8.81678 105
    endloop
  endfacet
  facet normal -0.0145691 0.707522 0.706541
    outer loop
      vertex -12.5606 119.836 0.00999928
      vertex -28.0681 14.6722 105
      vertex -21.1187 14.8153 105
    endloop
  endfacet
  facet normal -0.0860925 -0.717015 0.691721
    outer loop
      vertex -49.8988 -117.378 0.00999928
      vertex -100.325 -10.037 105
      vertex -62.1166 -115.911 0.00999928
    endloop
  endfacet
  facet normal -0.265423 0.707479 0.654999
    outer loop
      vertex -128.393 4.63525 105
      vertex -141.068 97.082 0.00999928
      vertex -130.4 3.88229 105
    endloop
  endfacet
  facet normal -0.318741 0.688733 0.651192
    outer loop
      vertex -130.4 3.88229 105
      vertex -160.591 89.1774 0.00999928
      vertex -132.05 3.11868 105
    endloop
  endfacet
  facet normal -0.172185 0.722182 0.669929
    outer loop
      vertex -108.958 106.921 0.00999928
      vertex -123.329 6.10105 105
      vertex -97.6168 109.625 0.00999928
    endloop
  endfacet
  facet normal -0.0608033 0.713119 0.698401
    outer loop
      vertex -37.5443 118.523 0.00999928
      vertex -84.9583 11.6572 105
      vertex -79.351 12.1353 105
    endloop
  endfacet
  facet normal -0.354137 0.672123 0.65026
    outer loop
      vertex -169.706 84.8528 0.00999928
      vertex -178.355 80.2957 0.00999928
      vertex -132.05 3.11868 105
    endloop
  endfacet
  facet normal -0.231922 -0.972734 0
    outer loop
      vertex -108.958 -106.921 0
      vertex -97.6168 -109.625 0.00999928
      vertex -108.958 -106.921 0.00999928
    endloop
  endfacet
  facet normal -0.231922 -0.972734 -0
    outer loop
      vertex -97.6168 -109.625 0.00999928
      vertex -108.958 -106.921 0
      vertex -97.6168 -109.625 0
    endloop
  endfacet
  facet normal -0.444702 0.611288 0.65465
    outer loop
      vertex -194.164 70.5342 0.00999928
      vertex -201.281 65.3567 0.00999928
      vertex -133.338 2.34652 105
    endloop
  endfacet
  facet normal -0.723595 0.690225 0
    outer loop
      vertex -219.251 48.8084 0
      vertex -213.842 54.4789 0.00999928
      vertex -213.842 54.4789 0
    endloop
  endfacet
  facet normal -0.723595 0.690225 0
    outer loop
      vertex -213.842 54.4789 0.00999928
      vertex -219.251 48.8084 0
      vertex -219.251 48.8084 0.00999928
    endloop
  endfacet
  facet normal -0.202868 0.979206 0
    outer loop
      vertex -86.0083 112.03 0
      vertex -97.6168 109.625 0.00999928
      vertex -86.0083 112.03 0.00999928
    endloop
  endfacet
  facet normal -0.202868 0.979206 0
    outer loop
      vertex -97.6168 109.625 0.00999928
      vertex -86.0083 112.03 0
      vertex -97.6168 109.625 0
    endloop
  endfacet
  facet normal -0.00206156 -0.707072 0.707139
    outer loop
      vertex 0 -15 105
      vertex -7.06535 -14.9794 105
      vertex 0 -120 0.00999928
    endloop
  endfacet
  facet normal -0.00618276 0.707198 0.706988
    outer loop
      vertex 0 120 0.00999928
      vertex -14.1113 14.9178 105
      vertex -7.06535 14.9794 105
    endloop
  endfacet
  facet normal -0.0326362 -0.709167 0.704285
    outer loop
      vertex -48.3797 -14.0037 105
      vertex -54.9094 -13.7032 105
      vertex -25.0868 -119.343 0.00999928
    endloop
  endfacet
  facet normal -0.104162 -0.719232 0.686918
    outer loop
      vertex -104.915 -9.43981 105
      vertex -109.217 -8.81678 105
      vertex -62.1166 -115.911 0.00999928
    endloop
  endfacet
  facet normal -0.119214 -0.992869 0
    outer loop
      vertex -62.1166 -115.911 0
      vertex -49.8988 -117.378 0.00999928
      vertex -62.1166 -115.911 0.00999928
    endloop
  endfacet
  facet normal -0.119214 -0.992869 -0
    outer loop
      vertex -49.8988 -117.378 0.00999928
      vertex -62.1166 -115.911 0
      vertex -49.8988 -117.378 0
    endloop
  endfacet
  facet normal -0.14966 0.722382 0.675104
    outer loop
      vertex -97.6168 109.625 0.00999928
      vertex -120.286 6.80986 105
      vertex -86.0083 112.03 0.00999928
    endloop
  endfacet
  facet normal -0.297761 -0.69724 0.65207
    outer loop
      vertex -130.4 -3.88229 105
      vertex -160.591 -89.1774 0.00999928
      vertex -151.037 -93.2575 0.00999928
    endloop
  endfacet
  facet normal -0.318741 -0.688733 0.651192
    outer loop
      vertex -132.05 -3.11868 105
      vertex -160.591 -89.1774 0.00999928
      vertex -130.4 -3.88229 105
    endloop
  endfacet
  facet normal -0.00923614 -0.707387 0.706766
    outer loop
      vertex 0 -120 0.00999928
      vertex -14.1113 -14.9178 105
      vertex -12.5606 -119.836 0.00999928
    endloop
  endfacet
  facet normal -0.106555 -0.719573 0.686193
    outer loop
      vertex -62.1166 -115.911 0.00999928
      vertex -109.217 -8.81678 105
      vertex -74.1641 -114.127 0.00999928
    endloop
  endfacet
  facet normal -0.0428608 -0.710492 0.702399
    outer loop
      vertex -61.2887 -13.3651 105
      vertex -67.5 -12.9904 105
      vertex -25.0868 -119.343 0.00999928
    endloop
  endfacet
  facet normal -0.202868 -0.979206 0
    outer loop
      vertex -97.6168 -109.625 0
      vertex -86.0083 -112.03 0.00999928
      vertex -97.6168 -109.625 0.00999928
    endloop
  endfacet
  facet normal -0.202868 -0.979206 -0
    outer loop
      vertex -86.0083 -112.03 0.00999928
      vertex -97.6168 -109.625 0
      vertex -86.0083 -112.03 0
    endloop
  endfacet
  facet normal -0.231922 0.972734 0
    outer loop
      vertex -97.6168 109.625 0
      vertex -108.958 106.921 0.00999928
      vertex -97.6168 109.625 0.00999928
    endloop
  endfacet
  facet normal -0.231922 0.972734 0
    outer loop
      vertex -108.958 106.921 0.00999928
      vertex -97.6168 109.625 0
      vertex -108.958 106.921 0
    endloop
  endfacet
  facet normal -0.598578 0.424338 0.679442
    outer loop
      vertex -134.26 1.56793 105
      vertex -224.059 43.0042 0.00999928
      vertex -134.815 0.785039 105
    endloop
  endfacet
  facet normal -0.046811 0.711155 0.701475
    outer loop
      vertex -37.5443 118.523 0.00999928
      vertex -67.5 12.9904 105
      vertex -25.0868 119.343 0.00999928
    endloop
  endfacet
  facet normal -0.0393271 -0.999226 0
    outer loop
      vertex -25.0868 -119.343 0
      vertex -12.5606 -119.836 0.00999928
      vertex -25.0868 -119.343 0.00999928
    endloop
  endfacet
  facet normal -0.0393271 -0.999226 -0
    outer loop
      vertex -12.5606 -119.836 0.00999928
      vertex -25.0868 -119.343 0
      vertex -12.5606 -119.836 0
    endloop
  endfacet
  facet normal -0.0484308 0.71133 0.701188
    outer loop
      vertex -37.5443 118.523 0.00999928
      vertex -73.5263 12.5801 105
      vertex -67.5 12.9904 105
    endloop
  endfacet
  facet normal -0.700555 -0.110289 0.705024
    outer loop
      vertex -135 0 105
      vertex -239.671 -6.28031 0.00999928
      vertex -238.685 -12.5434 0.00999928
    endloop
  endfacet
  facet normal -0.293001 -0.956112 0
    outer loop
      vertex -130.713 -100.64 0
      vertex -120 -103.923 0.00999928
      vertex -130.713 -100.64 0.00999928
    endloop
  endfacet
  facet normal -0.293001 -0.956112 -0
    outer loop
      vertex -120 -103.923 0.00999928
      vertex -130.713 -100.64 0
      vertex -120 -103.923 0
    endloop
  endfacet
  facet normal -0.50746 0.55111 0.662391
    outer loop
      vertex -207.846 60 0.00999928
      vertex -213.842 54.4789 0.00999928
      vertex -134.26 1.56793 105
    endloop
  endfacet
  facet normal -0.0145691 -0.707522 0.706541
    outer loop
      vertex -21.1187 -14.8153 105
      vertex -28.0681 -14.6722 105
      vertex -12.5606 -119.836 0.00999928
    endloop
  endfacet
  facet normal -0.0428608 0.710492 0.702399
    outer loop
      vertex -25.0868 119.343 0.00999928
      vertex -67.5 12.9904 105
      vertex -61.2887 13.3651 105
    endloop
  endfacet
  facet normal -0.0103472 0.707387 0.706751
    outer loop
      vertex -12.5606 119.836 0.00999928
      vertex -21.1187 14.8153 105
      vertex -14.1113 14.9178 105
    endloop
  endfacet
  facet normal -0.00923614 0.707387 0.706766
    outer loop
      vertex -12.5606 119.836 0.00999928
      vertex -14.1113 14.9178 105
      vertex 0 120 0.00999928
    endloop
  endfacet
  facet normal -0.174337 -0.984686 0
    outer loop
      vertex -86.0083 -112.03 0
      vertex -74.1641 -114.127 0.00999928
      vertex -86.0083 -112.03 0.00999928
    endloop
  endfacet
  facet normal -0.174337 -0.984686 -0
    outer loop
      vertex -74.1641 -114.127 0.00999928
      vertex -86.0083 -112.03 0
      vertex -74.1641 -114.127 0
    endloop
  endfacet
  facet normal -0.0543807 0.712121 0.699947
    outer loop
      vertex -37.5443 118.523 0.00999928
      vertex -79.351 12.1353 105
      vertex -73.5263 12.5801 105
    endloop
  endfacet
  facet normal -0.383593 0.655206 0.650816
    outer loop
      vertex -178.355 80.2957 0.00999928
      vertex -186.515 75.5184 0.00999928
      vertex -132.05 3.11868 105
    endloop
  endfacet
  facet normal -0.325465 0.685985 0.650767
    outer loop
      vertex -160.591 89.1774 0.00999928
      vertex -169.706 84.8528 0.00999928
      vertex -132.05 3.11868 105
    endloop
  endfacet
  facet normal -0.505235 0.862982 0
    outer loop
      vertex -178.355 80.2957 0
      vertex -186.515 75.5184 0.00999928
      vertex -178.355 80.2957 0.00999928
    endloop
  endfacet
  facet normal -0.505235 0.862982 0
    outer loop
      vertex -186.515 75.5184 0.00999928
      vertex -178.355 80.2957 0
      vertex -186.515 75.5184 0
    endloop
  endfacet
  facet normal -0.770099 -0.637924 0
    outer loop
      vertex -219.251 -48.8084 0
      vertex -224.059 -43.0042 0.00999928
      vertex -224.059 -43.0042 0
    endloop
  endfacet
  facet normal -0.770099 -0.637924 0
    outer loop
      vertex -224.059 -43.0042 0.00999928
      vertex -219.251 -48.8084 0
      vertex -219.251 -48.8084 0.00999928
    endloop
  endfacet
  facet normal -0.626305 0.370977 0.685652
    outer loop
      vertex -228.254 37.082 0.00999928
      vertex -231.822 31.0583 0.00999928
      vertex -134.815 0.785039 105
    endloop
  endfacet
  facet normal -0.0376162 -0.709745 0.703453
    outer loop
      vertex -54.9094 -13.7032 105
      vertex -61.2887 -13.3651 105
      vertex -25.0868 -119.343 0.00999928
    endloop
  endfacet
  facet normal -0.672177 0.249184 0.697198
    outer loop
      vertex -234.755 24.9494 0.00999928
      vertex -237.045 18.7721 0.00999928
      vertex -134.815 0.785039 105
    endloop
  endfacet
  facet normal -0.0484308 -0.71133 0.701188
    outer loop
      vertex -67.5 -12.9904 105
      vertex -73.5263 -12.5801 105
      vertex -37.5443 -118.523 0.00999928
    endloop
  endfacet
  facet normal -0.0376162 0.709745 0.703453
    outer loop
      vertex -25.0868 119.343 0.00999928
      vertex -61.2887 13.3651 105
      vertex -54.9094 13.7032 105
    endloop
  endfacet
  facet normal -0.0922833 0.995733 0
    outer loop
      vertex -37.5443 118.523 0
      vertex -49.8988 117.378 0.00999928
      vertex -37.5443 118.523 0.00999928
    endloop
  endfacet
  facet normal -0.0922833 0.995733 0
    outer loop
      vertex -49.8988 117.378 0.00999928
      vertex -37.5443 118.523 0
      vertex -49.8988 117.378 0
    endloop
  endfacet
  facet normal -0.0188778 0.707789 0.706172
    outer loop
      vertex -12.5606 119.836 0.00999928
      vertex -34.9406 14.4889 105
      vertex -28.0681 14.6722 105
    endloop
  endfacet
  facet normal -0.127732 -0.721452 0.680582
    outer loop
      vertex -74.1641 -114.127 0.00999928
      vertex -113.221 -8.16959 105
      vertex -86.0083 -112.03 0.00999928
    endloop
  endfacet
  facet normal -0.147785 0.722286 0.67562
    outer loop
      vertex -86.0083 112.03 0.00999928
      vertex -120.286 6.80986 105
      vertex -116.913 7.5 105
    endloop
  endfacet
  facet normal -0.0838939 0.716633 0.692386
    outer loop
      vertex -49.8988 117.378 0.00999928
      vertex -100.325 10.037 105
      vertex -95.4594 10.6066 105
    endloop
  endfacet
  facet normal -0.706589 0.0370153 0.706656
    outer loop
      vertex -239.671 6.28031 0.00999928
      vertex -240 0 0.00999928
      vertex -135 0 105
    endloop
  endfacet
  facet normal -0.0278821 0.708742 0.704916
    outer loop
      vertex -12.5606 119.836 0.00999928
      vertex -48.3797 14.0037 105
      vertex -41.7173 14.2658 105
    endloop
  endfacet
  facet normal -0.0103472 -0.707387 0.706751
    outer loop
      vertex -14.1113 -14.9178 105
      vertex -21.1187 -14.8153 105
      vertex -12.5606 -119.836 0.00999928
    endloop
  endfacet
  facet normal -0.0661791 -0.714069 0.69694
    outer loop
      vertex -37.5443 -118.523 0.00999928
      vertex -84.9583 -11.6572 105
      vertex -49.8988 -117.378 0.00999928
    endloop
  endfacet
  facet normal -0.987834 0.155515 0
    outer loop
      vertex -239.671 6.28031 0
      vertex -238.685 12.5434 0.00999928
      vertex -238.685 12.5434 0
    endloop
  endfacet
  facet normal -0.987834 0.155515 0
    outer loop
      vertex -238.685 12.5434 0.00999928
      vertex -239.671 6.28031 0
      vertex -239.671 6.28031 0.00999928
    endloop
  endfacet
  facet normal -0.0233149 -0.708194 0.705633
    outer loop
      vertex -34.9406 -14.4889 105
      vertex -41.7173 -14.2658 105
      vertex -12.5606 -119.836 0.00999928
    endloop
  endfacet
  facet normal -0.0677801 0.714256 0.696594
    outer loop
      vertex -49.8988 117.378 0.00999928
      vertex -90.3326 11.1472 105
      vertex -84.9583 11.6572 105
    endloop
  endfacet
  facet normal -0.901481 0.432818 0
    outer loop
      vertex -234.755 24.9494 0
      vertex -231.822 31.0583 0.00999928
      vertex -231.822 31.0583 0
    endloop
  endfacet
  facet normal -0.901481 0.432818 0
    outer loop
      vertex -231.822 31.0583 0.00999928
      vertex -234.755 24.9494 0
      vertex -234.755 24.9494 0.00999928
    endloop
  endfacet
  facet normal -0.692173 0.163116 0.703057
    outer loop
      vertex -134.815 0.785039 105
      vertex -238.685 12.5434 0.00999928
      vertex -135 0 105
    endloop
  endfacet
  facet normal -0 0 1
    outer loop
      vertex -7.06535 14.9794 105
      vertex 0 -15 105
      vertex 0 15 105
    endloop
  endfacet
  facet normal 0 0 1
    outer loop
      vertex -7.06535 14.9794 105
      vertex -7.06535 -14.9794 105
      vertex 0 -15 105
    endloop
  endfacet
  facet normal -0 0 1
    outer loop
      vertex -14.1113 14.9178 105
      vertex -7.06535 -14.9794 105
      vertex -7.06535 14.9794 105
    endloop
  endfacet
  facet normal 0 0 1
    outer loop
      vertex -14.1113 14.9178 105
      vertex -14.1113 -14.9178 105
      vertex -7.06535 -14.9794 105
    endloop
  endfacet
  facet normal -0 0 1
    outer loop
      vertex -21.1187 14.8153 105
      vertex -14.1113 -14.9178 105
      vertex -14.1113 14.9178 105
    endloop
  endfacet
  facet normal 0 0 1
    outer loop
      vertex -21.1187 14.8153 105
      vertex -21.1187 -14.8153 105
      vertex -14.1113 -14.9178 105
    endloop
  endfacet
  facet normal -0 0 1
    outer loop
      vertex -28.0681 14.6722 105
      vertex -21.1187 -14.8153 105
      vertex -21.1187 14.8153 105
    endloop
  endfacet
  facet normal 0 0 1
    outer loop
      vertex -28.0681 14.6722 105
      vertex -28.0681 -14.6722 105
      vertex -21.1187 -14.8153 105
    endloop
  endfacet
  facet normal -0 0 1
    outer loop
      vertex -34.9406 14.4889 105
      vertex -28.0681 -14.6722 105
      vertex -28.0681 14.6722 105
    endloop
  endfacet
  facet normal 0 0 1
    outer loop
      vertex -34.9406 14.4889 105
      vertex -34.9406 -14.4889 105
      vertex -28.0681 -14.6722 105
    endloop
  endfacet
  facet normal -0 0 1
    outer loop
      vertex -41.7173 14.2658 105
      vertex -34.9406 -14.4889 105
      vertex -34.9406 14.4889 105
    endloop
  endfacet
  facet normal 0 0 1
    outer loop
      vertex -41.7173 14.2658 105
      vertex -41.7173 -14.2658 105
      vertex -34.9406 -14.4889 105
    endloop
  endfacet
  facet normal -0 0 1
    outer loop
      vertex -48.3797 14.0037 105
      vertex -41.7173 -14.2658 105
      vertex -41.7173 14.2658 105
    endloop
  endfacet
  facet normal 0 0 1
    outer loop
      vertex -48.3797 14.0037 105
      vertex -48.3797 -14.0037 105
      vertex -41.7173 -14.2658 105
    endloop
  endfacet
  facet normal -0 0 1
    outer loop
      vertex -54.9094 13.7032 105
      vertex -48.3797 -14.0037 105
      vertex -48.3797 14.0037 105
    endloop
  endfacet
  facet normal 0 0 1
    outer loop
      vertex -54.9094 13.7032 105
      vertex -54.9094 -13.7032 105
      vertex -48.3797 -14.0037 105
    endloop
  endfacet
  facet normal -0 0 1
    outer loop
      vertex -61.2887 13.3651 105
      vertex -54.9094 -13.7032 105
      vertex -54.9094 13.7032 105
    endloop
  endfacet
  facet normal 0 0 1
    outer loop
      vertex -61.2887 13.3651 105
      vertex -61.2887 -13.3651 105
      vertex -54.9094 -13.7032 105
    endloop
  endfacet
  facet normal -0 0 1
    outer loop
      vertex -67.5 12.9904 105
      vertex -61.2887 -13.3651 105
      vertex -61.2887 13.3651 105
    endloop
  endfacet
  facet normal 0 0 1
    outer loop
      vertex -67.5 12.9904 105
      vertex -67.5 -12.9904 105
      vertex -61.2887 -13.3651 105
    endloop
  endfacet
  facet normal -0 0 1
    outer loop
      vertex -73.5263 12.5801 105
      vertex -67.5 -12.9904 105
      vertex -67.5 12.9904 105
    endloop
  endfacet
  facet normal 0 0 1
    outer loop
      vertex -73.5263 12.5801 105
      vertex -73.5263 -12.5801 105
      vertex -67.5 -12.9904 105
    endloop
  endfacet
  facet normal -0 0 1
    outer loop
      vertex -79.351 12.1353 105
      vertex -73.5263 -12.5801 105
      vertex -73.5263 12.5801 105
    endloop
  endfacet
  facet normal 0 0 1
    outer loop
      vertex -79.351 12.1353 105
      vertex -79.351 -12.1353 105
      vertex -73.5263 -12.5801 105
    endloop
  endfacet
  facet normal -0 0 1
    outer loop
      vertex -84.9583 11.6572 105
      vertex -79.351 -12.1353 105
      vertex -79.351 12.1353 105
    endloop
  endfacet
  facet normal 0 0 1
    outer loop
      vertex -84.9583 11.6572 105
      vertex -84.9583 -11.6572 105
      vertex -79.351 -12.1353 105
    endloop
  endfacet
  facet normal -0 0 1
    outer loop
      vertex -90.3326 11.1472 105
      vertex -84.9583 -11.6572 105
      vertex -84.9583 11.6572 105
    endloop
  endfacet
  facet normal 0 0 1
    outer loop
      vertex -90.3326 11.1472 105
      vertex -90.3326 -11.1472 105
      vertex -84.9583 -11.6572 105
    endloop
  endfacet
  facet normal -0 0 1
    outer loop
      vertex -95.4594 10.6066 105
      vertex -90.3326 -11.1472 105
      vertex -90.3326 11.1472 105
    endloop
  endfacet
  facet normal 0 0 1
    outer loop
      vertex -95.4594 10.6066 105
      vertex -95.4594 -10.6066 105
      vertex -90.3326 -11.1472 105
    endloop
  endfacet
  facet normal -0 0 1
    outer loop
      vertex -100.325 10.037 105
      vertex -95.4594 -10.6066 105
      vertex -95.4594 10.6066 105
    endloop
  endfacet
  facet normal 0 0 1
    outer loop
      vertex -100.325 10.037 105
      vertex -100.325 -10.037 105
      vertex -95.4594 -10.6066 105
    endloop
  endfacet
  facet normal -0 0 1
    outer loop
      vertex -104.915 9.43981 105
      vertex -100.325 -10.037 105
      vertex -100.325 10.037 105
    endloop
  endfacet
  facet normal 0 0 1
    outer loop
      vertex -104.915 9.43981 105
      vertex -104.915 -9.43981 105
      vertex -100.325 -10.037 105
    endloop
  endfacet
  facet normal -0 0 1
    outer loop
      vertex -109.217 8.81678 105
      vertex -104.915 -9.43981 105
      vertex -104.915 9.43981 105
    endloop
  endfacet
  facet normal 0 0 1
    outer loop
      vertex -109.217 8.81678 105
      vertex -109.217 -8.81678 105
      vertex -104.915 -9.43981 105
    endloop
  endfacet
  facet normal -0 0 1
    outer loop
      vertex -113.221 8.16959 105
      vertex -109.217 -8.81678 105
      vertex -109.217 8.81678 105
    endloop
  endfacet
  facet normal 0 0 1
    outer loop
      vertex -113.221 8.16959 105
      vertex -113.221 -8.16959 105
      vertex -109.217 -8.81678 105
    endloop
  endfacet
  facet normal -0 0 1
    outer loop
      vertex -116.913 7.5 105
      vertex -113.221 -8.16959 105
      vertex -113.221 8.16959 105
    endloop
  endfacet
  facet normal 0 0 1
    outer loop
      vertex -116.913 7.5 105
      vertex -116.913 -7.5 105
      vertex -113.221 -8.16959 105
    endloop
  endfacet
  facet normal -0 0 1
    outer loop
      vertex -120.286 6.80986 105
      vertex -116.913 -7.5 105
      vertex -116.913 7.5 105
    endloop
  endfacet
  facet normal 0 0 1
    outer loop
      vertex -120.286 6.80986 105
      vertex -120.286 -6.80986 105
      vertex -116.913 -7.5 105
    endloop
  endfacet
  facet normal -0 0 1
    outer loop
      vertex -123.329 6.10105 105
      vertex -120.286 -6.80986 105
      vertex -120.286 6.80986 105
    endloop
  endfacet
  facet normal 0 0 1
    outer loop
      vertex -123.329 6.10105 105
      vertex -123.329 -6.10105 105
      vertex -120.286 -6.80986 105
    endloop
  endfacet
  facet normal -0 0 1
    outer loop
      vertex -126.033 5.37552 105
      vertex -123.329 -6.10105 105
      vertex -123.329 6.10105 105
    endloop
  endfacet
  facet normal 0 0 1
    outer loop
      vertex -126.033 5.37552 105
      vertex -126.033 -5.37552 105
      vertex -123.329 -6.10105 105
    endloop
  endfacet
  facet normal -0 0 1
    outer loop
      vertex -128.393 4.63525 105
      vertex -126.033 -5.37552 105
      vertex -126.033 5.37552 105
    endloop
  endfacet
  facet normal 0 0 1
    outer loop
      vertex -128.393 4.63525 105
      vertex -128.393 -4.63525 105
      vertex -126.033 -5.37552 105
    endloop
  endfacet
  facet normal -0 0 1
    outer loop
      vertex -130.4 3.88229 105
      vertex -128.393 -4.63525 105
      vertex -128.393 4.63525 105
    endloop
  endfacet
  facet normal 0 0 1
    outer loop
      vertex -130.4 3.88229 105
      vertex -130.4 -3.88229 105
      vertex -128.393 -4.63525 105
    endloop
  endfacet
  facet normal -0 0 1
    outer loop
      vertex -132.05 3.11868 105
      vertex -130.4 -3.88229 105
      vertex -130.4 3.88229 105
    endloop
  endfacet
  facet normal 0 0 1
    outer loop
      vertex -132.05 3.11868 105
      vertex -132.05 -3.11868 105
      vertex -130.4 -3.88229 105
    endloop
  endfacet
  facet normal -0 0 1
    outer loop
      vertex -133.338 2.34652 105
      vertex -132.05 -3.11868 105
      vertex -132.05 3.11868 105
    endloop
  endfacet
  facet normal 0 0 1
    outer loop
      vertex -133.338 2.34652 105
      vertex -133.338 -2.34652 105
      vertex -132.05 -3.11868 105
    endloop
  endfacet
  facet normal -0 0 1
    outer loop
      vertex -134.26 1.56793 105
      vertex -133.338 -2.34652 105
      vertex -133.338 2.34652 105
    endloop
  endfacet
  facet normal 0 0 1
    outer loop
      vertex -134.26 1.56793 105
      vertex -134.26 -1.56793 105
      vertex -133.338 -2.34652 105
    endloop
  endfacet
  facet normal -0 0 1
    outer loop
      vertex -134.815 0.785039 105
      vertex -134.26 -1.56793 105
      vertex -134.26 1.56793 105
    endloop
  endfacet
  facet normal 0 0 1
    outer loop
      vertex -134.815 0.785039 105
      vertex -134.815 -0.785039 105
      vertex -134.26 -1.56793 105
    endloop
  endfacet
  facet normal 0 -0 1
    outer loop
      vertex -134.815 -0.785039 105
      vertex -134.815 0.785039 105
      vertex -135 0 105
    endloop
  endfacet
  facet normal -0.692173 -0.163116 0.703057
    outer loop
      vertex -135 0 105
      vertex -238.685 -12.5434 0.00999928
      vertex -134.815 -0.785039 105
    endloop
  endfacet
  facet normal -0.130863 -0.721557 0.679875
    outer loop
      vertex -113.221 -8.16959 105
      vertex -116.913 -7.5 105
      vertex -86.0083 -112.03 0.00999928
    endloop
  endfacet
  facet normal -0.147785 -0.722286 0.67562
    outer loop
      vertex -116.913 -7.5 105
      vertex -120.286 -6.80986 105
      vertex -86.0083 -112.03 0.00999928
    endloop
  endfacet
  facet normal -0.901481 -0.432818 0
    outer loop
      vertex -231.822 -31.0583 0
      vertex -234.755 -24.9494 0.00999928
      vertex -234.755 -24.9494 0
    endloop
  endfacet
  facet normal -0.901481 -0.432818 0
    outer loop
      vertex -234.755 -24.9494 0.00999928
      vertex -231.822 -31.0583 0
      vertex -231.822 -31.0583 0.00999928
    endloop
  endfacet
  facet normal -0.0233149 0.708194 0.705633
    outer loop
      vertex -12.5606 119.836 0.00999928
      vertex -41.7173 14.2658 105
      vertex -34.9406 14.4889 105
    endloop
  endfacet
  facet normal -0.860392 0.509633 0
    outer loop
      vertex -231.822 31.0583 0
      vertex -228.254 37.082 0.00999928
      vertex -228.254 37.082 0
    endloop
  endfacet
  facet normal -0.860392 0.509633 0
    outer loop
      vertex -228.254 37.082 0.00999928
      vertex -231.822 31.0583 0
      vertex -231.822 31.0583 0.00999928
    endloop
  endfacet
  facet normal -0.632201 0.774805 0
    outer loop
      vertex -201.281 65.3567 0
      vertex -207.846 60 0.00999928
      vertex -201.281 65.3567 0.00999928
    endloop
  endfacet
  facet normal -0.632201 0.774805 0
    outer loop
      vertex -207.846 60 0.00999928
      vertex -201.281 65.3567 0
      vertex -207.846 60 0
    endloop
  endfacet
  facet normal -0.146483 -0.989213 0
    outer loop
      vertex -74.1641 -114.127 0
      vertex -62.1166 -115.911 0.00999928
      vertex -74.1641 -114.127 0.00999928
    endloop
  endfacet
  facet normal -0.146483 -0.989213 -0
    outer loop
      vertex -62.1166 -115.911 0.00999928
      vertex -74.1641 -114.127 0
      vertex -62.1166 -115.911 0
    endloop
  endfacet
  facet normal -0.545939 0.837825 0
    outer loop
      vertex -186.515 75.5184 0
      vertex -194.164 70.5342 0.00999928
      vertex -186.515 75.5184 0.00999928
    endloop
  endfacet
  facet normal -0.545939 0.837825 0
    outer loop
      vertex -194.164 70.5342 0.00999928
      vertex -186.515 75.5184 0
      vertex -194.164 70.5342 0
    endloop
  endfacet
  facet normal -0.505235 -0.862982 0
    outer loop
      vertex -186.515 -75.5184 0
      vertex -178.355 -80.2957 0.00999928
      vertex -186.515 -75.5184 0.00999928
    endloop
  endfacet
  facet normal -0.505235 -0.862982 -0
    outer loop
      vertex -178.355 -80.2957 0.00999928
      vertex -186.515 -75.5184 0
      vertex -178.355 -80.2957 0
    endloop
  endfacet
  facet normal -0.998631 0.0523142 0
    outer loop
      vertex -240 0 0
      vertex -239.671 6.28031 0.00999928
      vertex -239.671 6.28031 0
    endloop
  endfacet
  facet normal -0.998631 0.0523142 0
    outer loop
      vertex -239.671 6.28031 0.00999928
      vertex -240 0 0
      vertex -240 0 0.00999928
    endloop
  endfacet
  facet normal -0.262023 0.965062 0
    outer loop
      vertex -108.958 106.921 0
      vertex -120 103.923 0.00999928
      vertex -108.958 106.921 0.00999928
    endloop
  endfacet
  facet normal -0.262023 0.965062 0
    outer loop
      vertex -120 103.923 0.00999928
      vertex -108.958 106.921 0
      vertex -120 103.923 0
    endloop
  endfacet
  facet normal -0.466146 0.884708 0
    outer loop
      vertex -169.706 84.8528 0
      vertex -178.355 80.2957 0.00999928
      vertex -169.706 84.8528 0.00999928
    endloop
  endfacet
  facet normal -0.466146 0.884708 0
    outer loop
      vertex -178.355 80.2957 0.00999928
      vertex -169.706 84.8528 0
      vertex -178.355 80.2957 0
    endloop
  endfacet
  facet normal -0.0922833 -0.995733 0
    outer loop
      vertex -49.8988 -117.378 0
      vertex -37.5443 -118.523 0.00999928
      vertex -49.8988 -117.378 0.00999928
    endloop
  endfacet
  facet normal -0.0922833 -0.995733 -0
    outer loop
      vertex -37.5443 -118.523 0.00999928
      vertex -49.8988 -117.378 0
      vertex -37.5443 -118.523 0
    endloop
  endfacet
  facet normal -0.588283 0.808655 0
    outer loop
      vertex -194.164 70.5342 0
      vertex -201.281 65.3567 0.00999928
      vertex -194.164 70.5342 0.00999928
    endloop
  endfacet
  facet normal -0.588283 0.808655 0
    outer loop
      vertex -201.281 65.3567 0.00999928
      vertex -194.164 70.5342 0
      vertex -201.281 65.3567 0
    endloop
  endfacet
  facet normal -0.324955 -0.94573 0
    outer loop
      vertex -141.068 -97.082 0
      vertex -130.713 -100.64 0.00999928
      vertex -141.068 -97.082 0.00999928
    endloop
  endfacet
  facet normal -0.324955 -0.94573 -0
    outer loop
      vertex -130.713 -100.64 0.00999928
      vertex -141.068 -97.082 0
      vertex -130.713 -100.64 0
    endloop
  endfacet
  facet normal -0.224783 -0.716616 0.660253
    outer loop
      vertex -128.393 -4.63525 105
      vertex -130.713 -100.64 0.00999928
      vertex -126.033 -5.37552 105
    endloop
  endfacet
  facet normal -0.24492 -0.712802 0.657211
    outer loop
      vertex -128.393 -4.63525 105
      vertex -141.068 -97.082 0.00999928
      vertex -130.713 -100.64 0.00999928
    endloop
  endfacet
  facet normal -0.987834 -0.155515 0
    outer loop
      vertex -238.685 -12.5434 0
      vertex -239.671 -6.28031 0.00999928
      vertex -239.671 -6.28031 0
    endloop
  endfacet
  facet normal -0.987834 -0.155515 0
    outer loop
      vertex -239.671 -6.28031 0.00999928
      vertex -238.685 -12.5434 0
      vertex -238.685 -12.5434 0.00999928
    endloop
  endfacet
  facet normal -0.392742 -0.919649 0
    outer loop
      vertex -160.591 -89.1774 0
      vertex -151.037 -93.2575 0.00999928
      vertex -160.591 -89.1774 0.00999928
    endloop
  endfacet
  facet normal -0.392742 -0.919649 -0
    outer loop
      vertex -151.037 -93.2575 0.00999928
      vertex -160.591 -89.1774 0
      vertex -151.037 -93.2575 0
    endloop
  endfacet
  facet normal -0.42865 -0.90347 0
    outer loop
      vertex -169.706 -84.8528 0
      vertex -160.591 -89.1774 0.00999928
      vertex -169.706 -84.8528 0.00999928
    endloop
  endfacet
  facet normal -0.42865 -0.90347 -0
    outer loop
      vertex -160.591 -89.1774 0.00999928
      vertex -169.706 -84.8528 0
      vertex -160.591 -89.1774 0
    endloop
  endfacet
  facet normal -0.816017 0.578027 0
    outer loop
      vertex -228.254 37.082 0
      vertex -224.059 43.0042 0.00999928
      vertex -224.059 43.0042 0
    endloop
  endfacet
  facet normal -0.816017 0.578027 0
    outer loop
      vertex -224.059 43.0042 0.00999928
      vertex -228.254 37.082 0
      vertex -228.254 37.082 0.00999928
    endloop
  endfacet
  facet normal -0.392742 0.919649 0
    outer loop
      vertex -151.037 93.2575 0
      vertex -160.591 89.1774 0.00999928
      vertex -151.037 93.2575 0.00999928
    endloop
  endfacet
  facet normal -0.392742 0.919649 0
    outer loop
      vertex -160.591 89.1774 0.00999928
      vertex -151.037 93.2575 0
      vertex -160.591 89.1774 0
    endloop
  endfacet
  facet normal -0.937644 0.347596 0
    outer loop
      vertex -237.045 18.7721 0
      vertex -234.755 24.9494 0.00999928
      vertex -234.755 24.9494 0
    endloop
  endfacet
  facet normal -0.937644 0.347596 0
    outer loop
      vertex -234.755 24.9494 0.00999928
      vertex -237.045 18.7721 0
      vertex -237.045 18.7721 0.00999928
    endloop
  endfacet
  facet normal -0.723595 -0.690225 0
    outer loop
      vertex -213.842 -54.4789 0
      vertex -219.251 -48.8084 0.00999928
      vertex -219.251 -48.8084 0
    endloop
  endfacet
  facet normal -0.723595 -0.690225 0
    outer loop
      vertex -219.251 -48.8084 0.00999928
      vertex -213.842 -54.4789 0
      vertex -213.842 -54.4789 0.00999928
    endloop
  endfacet
  facet normal -0.42865 0.90347 0
    outer loop
      vertex -160.591 89.1774 0
      vertex -169.706 84.8528 0.00999928
      vertex -160.591 89.1774 0.00999928
    endloop
  endfacet
  facet normal -0.42865 0.90347 0
    outer loop
      vertex -169.706 84.8528 0.00999928
      vertex -160.591 89.1774 0
      vertex -169.706 84.8528 0
    endloop
  endfacet
  facet normal -0.358185 0.933651 0
    outer loop
      vertex -141.068 97.082 0
      vertex -151.037 93.2575 0.00999928
      vertex -141.068 97.082 0.00999928
    endloop
  endfacet
  facet normal -0.358185 0.933651 0
    outer loop
      vertex -151.037 93.2575 0.00999928
      vertex -141.068 97.082 0
      vertex -151.037 93.2575 0
    endloop
  endfacet
  facet normal -0.677374 0.735639 0
    outer loop
      vertex -207.846 60 0
      vertex -213.842 54.4789 0.00999928
      vertex -207.846 60 0.00999928
    endloop
  endfacet
  facet normal -0.677374 0.735639 0
    outer loop
      vertex -213.842 54.4789 0.00999928
      vertex -207.846 60 0
      vertex -213.842 54.4789 0
    endloop
  endfacet
  facet normal -0.324955 0.94573 0
    outer loop
      vertex -130.713 100.64 0
      vertex -141.068 97.082 0.00999928
      vertex -130.713 100.64 0.00999928
    endloop
  endfacet
  facet normal -0.324955 0.94573 0
    outer loop
      vertex -141.068 97.082 0.00999928
      vertex -130.713 100.64 0
      vertex -141.068 97.082 0
    endloop
  endfacet
  facet normal 0.706572 -0.0375925 -0.706642
    outer loop
      vertex -235.677 6.07097 0
      vertex -135 0 100.99
      vertex -236 0 0
    endloop
  endfacet
  facet normal 0.70035 -0.112207 -0.704925
    outer loop
      vertex -234.707 12.1253 0
      vertex -135 0 100.99
      vertex -235.677 6.07097 0
    endloop
  endfacet
  facet normal 0.265928 -0.708826 -0.653336
    outer loop
      vertex -128.393 4.63525 100.99
      vertex -130.4 3.88229 100.99
      vertex -138.717 93.846 0
    endloop
  endfacet
  facet normal 0.241514 0.714894 -0.6562
    outer loop
      vertex -128.393 -4.63525 100.99
      vertex -128.535 -97.2858 0
      vertex -138.717 -93.846 0
    endloop
  endfacet
  facet normal 0.293905 0.700094 -0.65076
    outer loop
      vertex -130.4 -3.88229 100.99
      vertex -148.52 -90.1489 0
      vertex -157.915 -86.2048 0
    endloop
  endfacet
  facet normal 0.00206156 0.70707 -0.70714
    outer loop
      vertex 0 -15 100.99
      vertex 0 -116 0
      vertex -7.06535 -14.9794 100.99
    endloop
  endfacet
  facet normal 0.267207 -0.708509 -0.653158
    outer loop
      vertex -138.717 93.846 0
      vertex -130.4 3.88229 100.99
      vertex -148.52 90.1489 0
    endloop
  endfacet
  facet normal 0.692219 0.163126 -0.70301
    outer loop
      vertex -135 0 100.99
      vertex -134.815 -0.785039 100.99
      vertex -234.707 -12.1253 0
    endloop
  endfacet
  facet normal 0.503739 0.556491 -0.66073
    outer loop
      vertex -134.26 -1.56793 100.99
      vertex -204.382 -58 0
      vertex -210.278 -52.6629 0
    endloop
  endfacet
  facet normal 0.321482 0.689198 -0.64935
    outer loop
      vertex -132.05 -3.11868 100.99
      vertex -157.915 -86.2048 0
      vertex -166.877 -82.0244 0
    endloop
  endfacet
  facet normal 0.131007 0.72235 -0.679005
    outer loop
      vertex -113.221 -8.16959 100.99
      vertex -84.5748 -108.295 0
      vertex -116.913 -7.5 100.99
    endloop
  endfacet
  facet normal 0.193706 -0.721931 -0.6643
    outer loop
      vertex -118 100.459 0
      vertex -123.329 6.10105 100.99
      vertex -126.033 5.37552 100.99
    endloop
  endfacet
  facet normal 0.688338 0.1844 -0.701561
    outer loop
      vertex -134.815 -0.785039 100.99
      vertex -233.094 -18.1464 0
      vertex -234.707 -12.1253 0
    endloop
  endfacet
  facet normal 0.596231 0.429517 -0.67825
    outer loop
      vertex -134.26 -1.56793 100.99
      vertex -220.325 -41.5707 0
      vertex -224.449 -35.846 0
    endloop
  endfacet
  facet normal 0.169538 -0.723308 -0.66939
    outer loop
      vertex -107.142 103.357 0
      vertex -95.9898 105.971 0
      vertex -123.329 6.10105 100.99
    endloop
  endfacet
  facet normal 0.0846589 -0.717278 -0.691625
    outer loop
      vertex -61.0813 112.047 0
      vertex -49.0672 113.465 0
      vertex -100.325 10.037 100.99
    endloop
  endfacet
  facet normal 0.624265 -0.376189 -0.684671
    outer loop
      vertex -224.449 35.846 0
      vertex -134.815 0.785039 100.99
      vertex -227.958 30.023 0
    endloop
  endfacet
  facet normal 0.241514 -0.714894 -0.6562
    outer loop
      vertex -128.535 97.2858 0
      vertex -128.393 4.63525 100.99
      vertex -138.717 93.846 0
    endloop
  endfacet
  facet normal 0.169538 0.723308 -0.66939
    outer loop
      vertex -95.9898 -105.971 0
      vertex -107.142 -103.357 0
      vertex -123.329 -6.10105 100.99
    endloop
  endfacet
  facet normal 0.07547 0.715723 -0.694295
    outer loop
      vertex -90.3326 -11.1472 100.99
      vertex -49.0672 -113.465 0
      vertex -95.4594 -10.6066 100.99
    endloop
  endfacet
  facet normal 0.472028 0.588519 -0.65638
    outer loop
      vertex -133.338 -2.34652 100.99
      vertex -197.926 -63.1781 0
      vertex -204.382 -58 0
    endloop
  endfacet
  facet normal 0.0484429 -0.711508 -0.701006
    outer loop
      vertex -36.9185 114.572 0
      vertex -67.5 12.9904 100.99
      vertex -73.5263 12.5801 100.99
    endloop
  endfacet
  facet normal 0.0484429 0.711508 -0.701006
    outer loop
      vertex -67.5 -12.9904 100.99
      vertex -36.9185 -114.572 0
      vertex -73.5263 -12.5801 100.99
    endloop
  endfacet
  facet normal 0.0846589 0.717278 -0.691625
    outer loop
      vertex -49.0672 -113.465 0
      vertex -61.0813 -112.047 0
      vertex -100.325 -10.037 100.99
    endloop
  endfacet
  facet normal 0.193706 0.721931 -0.6643
    outer loop
      vertex -123.329 -6.10105 100.99
      vertex -118 -100.459 0
      vertex -126.033 -5.37552 100.99
    endloop
  endfacet
  facet normal 0.293905 -0.700094 -0.65076
    outer loop
      vertex -148.52 90.1489 0
      vertex -130.4 3.88229 100.99
      vertex -157.915 86.2048 0
    endloop
  endfacet
  facet normal 0.319349 -0.690046 -0.649502
    outer loop
      vertex -130.4 3.88229 100.99
      vertex -132.05 3.11868 100.99
      vertex -157.915 86.2048 0
    endloop
  endfacet
  facet normal 0.671237 -0.253032 -0.696718
    outer loop
      vertex -230.843 24.1178 0
      vertex -134.815 0.785039 100.99
      vertex -233.094 18.1464 0
    endloop
  endfacet
  facet normal 0.70035 0.112207 -0.704925
    outer loop
      vertex -135 0 100.99
      vertex -234.707 -12.1253 0
      vertex -235.677 -6.07097 0
    endloop
  endfacet
  facet normal 0.706572 0.0375925 -0.706642
    outer loop
      vertex -135 0 100.99
      vertex -235.677 -6.07097 0
      vertex -236 0 0
    endloop
  endfacet
  facet normal 0.596231 -0.429517 -0.67825
    outer loop
      vertex -220.325 41.5707 0
      vertex -134.26 1.56793 100.99
      vertex -224.449 35.846 0
    endloop
  endfacet
  facet normal 0.503739 -0.556491 -0.66073
    outer loop
      vertex -204.382 58 0
      vertex -134.26 1.56793 100.99
      vertex -210.278 52.6629 0
    endloop
  endfacet
  facet normal 0.624265 0.376189 -0.684671
    outer loop
      vertex -134.815 -0.785039 100.99
      vertex -224.449 -35.846 0
      vertex -227.958 -30.023 0
    endloop
  endfacet
  facet normal 0.168479 -0.723298 -0.669667
    outer loop
      vertex -95.9898 105.971 0
      vertex -120.286 6.80986 100.99
      vertex -123.329 6.10105 100.99
    endloop
  endfacet
  facet normal 0.083954 -0.717146 -0.691848
    outer loop
      vertex -49.0672 113.465 0
      vertex -95.4594 10.6066 100.99
      vertex -100.325 10.037 100.99
    endloop
  endfacet
  facet normal 0.0061828 0.707202 -0.706984
    outer loop
      vertex -7.06535 -14.9794 100.99
      vertex 0 -116 0
      vertex -14.1113 -14.9178 100.99
    endloop
  endfacet
  facet normal 0.535418 0.519545 -0.665883
    outer loop
      vertex -134.26 -1.56793 100.99
      vertex -210.278 -52.6629 0
      vertex -215.597 -47.1814 0
    endloop
  endfacet
  facet normal 0.671237 0.253032 -0.696718
    outer loop
      vertex -134.815 -0.785039 100.99
      vertex -230.843 -24.1178 0
      vertex -233.094 -18.1464 0
    endloop
  endfacet
  facet normal 0.649538 0.317334 -0.690941
    outer loop
      vertex -134.815 -0.785039 100.99
      vertex -227.958 -30.023 0
      vertex -230.843 -24.1178 0
    endloop
  endfacet
  facet normal 0.0608294 -0.713425 -0.698086
    outer loop
      vertex -36.9185 114.572 0
      vertex -79.351 12.1353 100.99
      vertex -84.9583 11.6572 100.99
    endloop
  endfacet
  facet normal 0.409646 -0.639538 -0.650524
    outer loop
      vertex -183.406 73.0012 0
      vertex -133.338 2.34652 100.99
      vertex -190.928 68.1831 0
    endloop
  endfacet
  facet normal 0.147982 0.723247 -0.674548
    outer loop
      vertex -116.913 -7.5 100.99
      vertex -95.9898 -105.971 0
      vertex -120.286 -6.80986 100.99
    endloop
  endfacet
  facet normal 0.147248 0.723251 -0.674704
    outer loop
      vertex -84.5748 -108.295 0
      vertex -95.9898 -105.971 0
      vertex -116.913 -7.5 100.99
    endloop
  endfacet
  facet normal 0.07547 -0.715723 -0.694295
    outer loop
      vertex -49.0672 113.465 0
      vertex -90.3326 11.1472 100.99
      vertex -95.4594 10.6066 100.99
    endloop
  endfacet
  facet normal 0.168479 0.723298 -0.669667
    outer loop
      vertex -120.286 -6.80986 100.99
      vertex -95.9898 -105.971 0
      vertex -123.329 -6.10105 100.99
    endloop
  endfacet
  facet normal 0.147982 -0.723247 -0.674548
    outer loop
      vertex -95.9898 105.971 0
      vertex -116.913 7.5 100.99
      vertex -120.286 6.80986 100.99
    endloop
  endfacet
  facet normal 0.0145694 0.707539 -0.706524
    outer loop
      vertex -21.1187 -14.8153 100.99
      vertex -12.3513 -115.841 0
      vertex -28.0681 -14.6722 100.99
    endloop
  endfacet
  facet normal 0.440628 0.616087 -0.652904
    outer loop
      vertex -133.338 -2.34652 100.99
      vertex -190.928 -68.1831 0
      vertex -197.926 -63.1781 0
    endloop
  endfacet
  facet normal 0.0543988 0.712357 -0.699706
    outer loop
      vertex -73.5263 -12.5801 100.99
      vertex -36.9185 -114.572 0
      vertex -79.351 -12.1353 100.99
    endloop
  endfacet
  facet normal 0.104778 0.719994 -0.686025
    outer loop
      vertex -61.0813 -112.047 0
      vertex -72.928 -110.323 0
      vertex -109.217 -8.81678 100.99
    endloop
  endfacet
  facet normal 0.379421 0.659277 -0.649148
    outer loop
      vertex -132.05 -3.11868 100.99
      vertex -175.382 -77.6191 0
      vertex -183.406 -73.0012 0
    endloop
  endfacet
  facet normal 0.379421 -0.659277 -0.649148
    outer loop
      vertex -175.382 77.6191 0
      vertex -132.05 3.11868 100.99
      vertex -183.406 73.0012 0
    endloop
  endfacet
  facet normal 0.065081 0.714227 -0.696882
    outer loop
      vertex -36.9185 -114.572 0
      vertex -49.0672 -113.465 0
      vertex -84.9583 -11.6572 100.99
    endloop
  endfacet
  facet normal 0.485574 0.575013 -0.658467
    outer loop
      vertex -134.26 -1.56793 100.99
      vertex -133.338 -2.34652 100.99
      vertex -204.382 -58 0
    endloop
  endfacet
  facet normal 0.225154 -0.717798 -0.658841
    outer loop
      vertex -126.033 5.37552 100.99
      vertex -128.393 4.63525 100.99
      vertex -128.535 97.2858 0
    endloop
  endfacet
  facet normal 0.485574 -0.575013 -0.658467
    outer loop
      vertex -133.338 2.34652 100.99
      vertex -134.26 1.56793 100.99
      vertex -204.382 58 0
    endloop
  endfacet
  facet normal 0.566438 -0.477323 -0.671797
    outer loop
      vertex -215.597 47.1814 0
      vertex -134.26 1.56793 100.99
      vertex -220.325 41.5707 0
    endloop
  endfacet
  facet normal 0.535418 -0.519545 -0.665883
    outer loop
      vertex -210.278 52.6629 0
      vertex -134.26 1.56793 100.99
      vertex -215.597 47.1814 0
    endloop
  endfacet
  facet normal 0.649538 -0.317334 -0.690941
    outer loop
      vertex -227.958 30.023 0
      vertex -134.815 0.785039 100.99
      vertex -230.843 24.1178 0
    endloop
  endfacet
  facet normal 0.598925 -0.424585 -0.678982
    outer loop
      vertex -134.26 1.56793 100.99
      vertex -134.815 0.785039 100.99
      vertex -224.449 35.846 0
    endloop
  endfacet
  facet normal 0.0188787 0.707823 -0.706138
    outer loop
      vertex -28.0681 -14.6722 100.99
      vertex -12.3513 -115.841 0
      vertex -34.9406 -14.4889 100.99
    endloop
  endfacet
  facet normal 0.350026 -0.675771 -0.648703
    outer loop
      vertex -166.877 82.0244 0
      vertex -132.05 3.11868 100.99
      vertex -175.382 77.6191 0
    endloop
  endfacet
  facet normal 0.321482 -0.689198 -0.64935
    outer loop
      vertex -157.915 86.2048 0
      vertex -132.05 3.11868 100.99
      vertex -166.877 82.0244 0
    endloop
  endfacet
  facet normal 0.0103473 0.707393 -0.706745
    outer loop
      vertex -14.1113 -14.9178 100.99
      vertex -12.3513 -115.841 0
      vertex -21.1187 -14.8153 100.99
    endloop
  endfacet
  facet normal 0.065081 -0.714227 -0.696882
    outer loop
      vertex -49.0672 113.465 0
      vertex -36.9185 114.572 0
      vertex -84.9583 11.6572 100.99
    endloop
  endfacet
  facet normal 0.688338 -0.1844 -0.701561
    outer loop
      vertex -233.094 18.1464 0
      vertex -134.815 0.785039 100.99
      vertex -234.707 12.1253 0
    endloop
  endfacet
  facet normal 0.692219 -0.163126 -0.70301
    outer loop
      vertex -134.815 0.785039 100.99
      vertex -135 0 100.99
      vertex -234.707 12.1253 0
    endloop
  endfacet
  facet normal 0.390816 -0.6519 -0.649838
    outer loop
      vertex -132.05 3.11868 100.99
      vertex -133.338 2.34652 100.99
      vertex -183.406 73.0012 0
    endloop
  endfacet
  facet normal 0.192714 0.722047 -0.664461
    outer loop
      vertex -107.142 -103.357 0
      vertex -118 -100.459 0
      vertex -123.329 -6.10105 100.99
    endloop
  endfacet
  facet normal 0.00910634 0.707391 -0.706764
    outer loop
      vertex 0 -116 0
      vertex -12.3513 -115.841 0
      vertex -14.1113 -14.9178 100.99
    endloop
  endfacet
  facet normal 0.350026 0.675771 -0.648703
    outer loop
      vertex -132.05 -3.11868 100.99
      vertex -166.877 -82.0244 0
      vertex -175.382 -77.6191 0
    endloop
  endfacet
  facet normal 0.083954 0.717146 -0.691848
    outer loop
      vertex -95.4594 -10.6066 100.99
      vertex -49.0672 -113.465 0
      vertex -100.325 -10.037 100.99
    endloop
  endfacet
  facet normal 0.598925 0.424585 -0.678982
    outer loop
      vertex -134.815 -0.785039 100.99
      vertex -134.26 -1.56793 100.99
      vertex -224.449 -35.846 0
    endloop
  endfacet
  facet normal 0.216665 0.719325 -0.660021
    outer loop
      vertex -126.033 -5.37552 100.99
      vertex -118 -100.459 0
      vertex -128.535 -97.2858 0
    endloop
  endfacet
  facet normal 0.0608294 0.713425 -0.698086
    outer loop
      vertex -79.351 -12.1353 100.99
      vertex -36.9185 -114.572 0
      vertex -84.9583 -11.6572 100.99
    endloop
  endfacet
  facet normal 0.0678105 0.714576 -0.696263
    outer loop
      vertex -84.9583 -11.6572 100.99
      vertex -49.0672 -113.465 0
      vertex -90.3326 -11.1472 100.99
    endloop
  endfacet
  facet normal 0.11656 0.721126 -0.682928
    outer loop
      vertex -109.217 -8.81678 100.99
      vertex -72.928 -110.323 0
      vertex -113.221 -8.16959 100.99
    endloop
  endfacet
  facet normal 0.0326402 0.709253 -0.704198
    outer loop
      vertex -48.3797 -14.0037 100.99
      vertex -24.6687 -115.365 0
      vertex -54.9094 -13.7032 100.99
    endloop
  endfacet
  facet normal 0.0460419 0.711228 -0.701452
    outer loop
      vertex -24.6687 -115.365 0
      vertex -36.9185 -114.572 0
      vertex -67.5 -12.9904 100.99
    endloop
  endfacet
  facet normal 0.566438 0.477323 -0.671797
    outer loop
      vertex -134.26 -1.56793 100.99
      vertex -215.597 -47.1814 0
      vertex -220.325 -41.5707 0
    endloop
  endfacet
  facet normal 0.267207 0.708509 -0.653158
    outer loop
      vertex -130.4 -3.88229 100.99
      vertex -138.717 -93.846 0
      vertex -148.52 -90.1489 0
    endloop
  endfacet
  facet normal 0.00910634 -0.707391 -0.706764
    outer loop
      vertex -12.3513 115.841 0
      vertex 0 116 0
      vertex -14.1113 14.9178 100.99
    endloop
  endfacet
  facet normal 0.0428712 0.710664 -0.702225
    outer loop
      vertex -61.2887 -13.3651 100.99
      vertex -24.6687 -115.365 0
      vertex -67.5 -12.9904 100.99
    endloop
  endfacet
  facet normal 0.0145694 -0.707539 -0.706524
    outer loop
      vertex -12.3513 115.841 0
      vertex -21.1187 14.8153 100.99
      vertex -28.0681 14.6722 100.99
    endloop
  endfacet
  facet normal 0.192714 -0.722047 -0.664461
    outer loop
      vertex -118 100.459 0
      vertex -107.142 103.357 0
      vertex -123.329 6.10105 100.99
    endloop
  endfacet
  facet normal 0.10426 0.719913 -0.686188
    outer loop
      vertex -104.915 -9.43981 100.99
      vertex -61.0813 -112.047 0
      vertex -109.217 -8.81678 100.99
    endloop
  endfacet
  facet normal 0.472028 -0.588519 -0.65638
    outer loop
      vertex -197.926 63.1781 0
      vertex -133.338 2.34652 100.99
      vertex -204.382 58 0
    endloop
  endfacet
  facet normal 0.440628 -0.616087 -0.652904
    outer loop
      vertex -190.928 68.1831 0
      vertex -133.338 2.34652 100.99
      vertex -197.926 63.1781 0
    endloop
  endfacet
  facet normal 0.0326402 -0.709253 -0.704198
    outer loop
      vertex -24.6687 115.365 0
      vertex -48.3797 14.0037 100.99
      vertex -54.9094 13.7032 100.99
    endloop
  endfacet
  facet normal 0.147248 -0.723251 -0.674704
    outer loop
      vertex -95.9898 105.971 0
      vertex -84.5748 108.295 0
      vertex -116.913 7.5 100.99
    endloop
  endfacet
  facet normal 0.0934679 0.718394 -0.689329
    outer loop
      vertex -100.325 -10.037 100.99
      vertex -61.0813 -112.047 0
      vertex -104.915 -9.43981 100.99
    endloop
  endfacet
  facet normal 0.0460419 -0.711228 -0.701452
    outer loop
      vertex -36.9185 114.572 0
      vertex -24.6687 115.365 0
      vertex -67.5 12.9904 100.99
    endloop
  endfacet
  facet normal 0.131007 -0.72235 -0.679005
    outer loop
      vertex -84.5748 108.295 0
      vertex -113.221 8.16959 100.99
      vertex -116.913 7.5 100.99
    endloop
  endfacet
  facet normal 0.125737 0.722107 -0.680259
    outer loop
      vertex -72.928 -110.323 0
      vertex -84.5748 -108.295 0
      vertex -113.221 -8.16959 100.99
    endloop
  endfacet
  facet normal 0.0188787 -0.707823 -0.706138
    outer loop
      vertex -12.3513 115.841 0
      vertex -28.0681 14.6722 100.99
      vertex -34.9406 14.4889 100.99
    endloop
  endfacet
  facet normal 0.225154 0.717798 -0.658841
    outer loop
      vertex -128.393 -4.63525 100.99
      vertex -126.033 -5.37552 100.99
      vertex -128.535 -97.2858 0
    endloop
  endfacet
  facet normal 0.265928 0.708826 -0.653336
    outer loop
      vertex -130.4 -3.88229 100.99
      vertex -128.393 -4.63525 100.99
      vertex -138.717 -93.846 0
    endloop
  endfacet
  facet normal 0.319349 0.690046 -0.649502
    outer loop
      vertex -132.05 -3.11868 100.99
      vertex -130.4 -3.88229 100.99
      vertex -157.915 -86.2048 0
    endloop
  endfacet
  facet normal 0.0678105 -0.714576 -0.696263
    outer loop
      vertex -49.0672 113.465 0
      vertex -84.9583 11.6572 100.99
      vertex -90.3326 11.1472 100.99
    endloop
  endfacet
  facet normal 0.390816 0.6519 -0.649838
    outer loop
      vertex -133.338 -2.34652 100.99
      vertex -132.05 -3.11868 100.99
      vertex -183.406 -73.0012 0
    endloop
  endfacet
  facet normal 0.409646 0.639538 -0.650524
    outer loop
      vertex -133.338 -2.34652 100.99
      vertex -183.406 -73.0012 0
      vertex -190.928 -68.1831 0
    endloop
  endfacet
  facet normal 0.00206156 -0.70707 -0.70714
    outer loop
      vertex 0 116 0
      vertex 0 15 100.99
      vertex -7.06535 14.9794 100.99
    endloop
  endfacet
  facet normal 0.02739 -0.708768 -0.70491
    outer loop
      vertex -24.6687 115.365 0
      vertex -12.3513 115.841 0
      vertex -41.7173 14.2658 100.99
    endloop
  endfacet
  facet normal 0.0934679 -0.718394 -0.689329
    outer loop
      vertex -61.0813 112.047 0
      vertex -100.325 10.037 100.99
      vertex -104.915 9.43981 100.99
    endloop
  endfacet
  facet normal 0.0233168 0.708251 -0.705575
    outer loop
      vertex -34.9406 -14.4889 100.99
      vertex -12.3513 -115.841 0
      vertex -41.7173 -14.2658 100.99
    endloop
  endfacet
  facet normal 0.02739 0.708768 -0.70491
    outer loop
      vertex -12.3513 -115.841 0
      vertex -24.6687 -115.365 0
      vertex -41.7173 -14.2658 100.99
    endloop
  endfacet
  facet normal 0.0376228 -0.70987 -0.703327
    outer loop
      vertex -24.6687 115.365 0
      vertex -54.9094 13.7032 100.99
      vertex -61.2887 13.3651 100.99
    endloop
  endfacet
  facet normal 0.0376228 0.70987 -0.703327
    outer loop
      vertex -54.9094 -13.7032 100.99
      vertex -24.6687 -115.365 0
      vertex -61.2887 -13.3651 100.99
    endloop
  endfacet
  facet normal 0.0543988 -0.712357 -0.699706
    outer loop
      vertex -36.9185 114.572 0
      vertex -73.5263 12.5801 100.99
      vertex -79.351 12.1353 100.99
    endloop
  endfacet
  facet normal 0.0103473 -0.707393 -0.706745
    outer loop
      vertex -12.3513 115.841 0
      vertex -14.1113 14.9178 100.99
      vertex -21.1187 14.8153 100.99
    endloop
  endfacet
  facet normal 0.0278843 0.7088 -0.704859
    outer loop
      vertex -41.7173 -14.2658 100.99
      vertex -24.6687 -115.365 0
      vertex -48.3797 -14.0037 100.99
    endloop
  endfacet
  facet normal 0.0061828 -0.707202 -0.706984
    outer loop
      vertex 0 116 0
      vertex -7.06535 14.9794 100.99
      vertex -14.1113 14.9178 100.99
    endloop
  endfacet
  facet normal 0.0428712 -0.710664 -0.702225
    outer loop
      vertex -24.6687 115.365 0
      vertex -61.2887 13.3651 100.99
      vertex -67.5 12.9904 100.99
    endloop
  endfacet
  facet normal 0.0278843 -0.7088 -0.704859
    outer loop
      vertex -24.6687 115.365 0
      vertex -41.7173 14.2658 100.99
      vertex -48.3797 14.0037 100.99
    endloop
  endfacet
  facet normal 0.0233168 -0.708251 -0.705575
    outer loop
      vertex -12.3513 115.841 0
      vertex -34.9406 14.4889 100.99
      vertex -41.7173 14.2658 100.99
    endloop
  endfacet
  facet normal 0.10426 -0.719913 -0.686188
    outer loop
      vertex -61.0813 112.047 0
      vertex -104.915 9.43981 100.99
      vertex -109.217 8.81678 100.99
    endloop
  endfacet
  facet normal 0.216665 -0.719325 -0.660021
    outer loop
      vertex -118 100.459 0
      vertex -126.033 5.37552 100.99
      vertex -128.535 97.2858 0
    endloop
  endfacet
  facet normal 0.125737 -0.722107 -0.680259
    outer loop
      vertex -84.5748 108.295 0
      vertex -72.928 110.323 0
      vertex -113.221 8.16959 100.99
    endloop
  endfacet
  facet normal 0.11656 -0.721126 -0.682928
    outer loop
      vertex -72.928 110.323 0
      vertex -109.217 8.81678 100.99
      vertex -113.221 8.16959 100.99
    endloop
  endfacet
  facet normal 0 0 -1
    outer loop
      vertex 7.06535 -14.9794 100.99
      vertex 7.75 14.9735 100.99
      vertex 7.75 -14.9735 100.99
    endloop
  endfacet
  facet normal 0 0 -1
    outer loop
      vertex 7.06535 -14.9794 100.99
      vertex 7.06535 14.9794 100.99
      vertex 7.75 14.9735 100.99
    endloop
  endfacet
  facet normal 0 0 -1
    outer loop
      vertex 0 -15 100.99
      vertex 7.06535 14.9794 100.99
      vertex 7.06535 -14.9794 100.99
    endloop
  endfacet
  facet normal 0 0 -1
    outer loop
      vertex 0 -15 100.99
      vertex 0 15 100.99
      vertex 7.06535 14.9794 100.99
    endloop
  endfacet
  facet normal 0 0 -1
    outer loop
      vertex -7.06535 -14.9794 100.99
      vertex 0 15 100.99
      vertex 0 -15 100.99
    endloop
  endfacet
  facet normal 0 0 -1
    outer loop
      vertex -7.06535 -14.9794 100.99
      vertex -7.06535 14.9794 100.99
      vertex 0 15 100.99
    endloop
  endfacet
  facet normal 0 0 -1
    outer loop
      vertex -14.1113 -14.9178 100.99
      vertex -7.06535 14.9794 100.99
      vertex -7.06535 -14.9794 100.99
    endloop
  endfacet
  facet normal 0 0 -1
    outer loop
      vertex -14.1113 -14.9178 100.99
      vertex -14.1113 14.9178 100.99
      vertex -7.06535 14.9794 100.99
    endloop
  endfacet
  facet normal 0 0 -1
    outer loop
      vertex -21.1187 -14.8153 100.99
      vertex -14.1113 14.9178 100.99
      vertex -14.1113 -14.9178 100.99
    endloop
  endfacet
  facet normal 0 0 -1
    outer loop
      vertex -21.1187 -14.8153 100.99
      vertex -21.1187 14.8153 100.99
      vertex -14.1113 14.9178 100.99
    endloop
  endfacet
  facet normal 0 0 -1
    outer loop
      vertex -28.0681 -14.6722 100.99
      vertex -21.1187 14.8153 100.99
      vertex -21.1187 -14.8153 100.99
    endloop
  endfacet
  facet normal 0 0 -1
    outer loop
      vertex -28.0681 -14.6722 100.99
      vertex -28.0681 14.6722 100.99
      vertex -21.1187 14.8153 100.99
    endloop
  endfacet
  facet normal 0 0 -1
    outer loop
      vertex -34.9406 -14.4889 100.99
      vertex -28.0681 14.6722 100.99
      vertex -28.0681 -14.6722 100.99
    endloop
  endfacet
  facet normal 0 0 -1
    outer loop
      vertex -34.9406 -14.4889 100.99
      vertex -34.9406 14.4889 100.99
      vertex -28.0681 14.6722 100.99
    endloop
  endfacet
  facet normal 0 0 -1
    outer loop
      vertex -41.7173 -14.2658 100.99
      vertex -34.9406 14.4889 100.99
      vertex -34.9406 -14.4889 100.99
    endloop
  endfacet
  facet normal 0 0 -1
    outer loop
      vertex -41.7173 -14.2658 100.99
      vertex -41.7173 14.2658 100.99
      vertex -34.9406 14.4889 100.99
    endloop
  endfacet
  facet normal 0 0 -1
    outer loop
      vertex -48.3797 -14.0037 100.99
      vertex -41.7173 14.2658 100.99
      vertex -41.7173 -14.2658 100.99
    endloop
  endfacet
  facet normal 0 0 -1
    outer loop
      vertex -48.3797 -14.0037 100.99
      vertex -48.3797 14.0037 100.99
      vertex -41.7173 14.2658 100.99
    endloop
  endfacet
  facet normal 0 0 -1
    outer loop
      vertex -54.9094 -13.7032 100.99
      vertex -48.3797 14.0037 100.99
      vertex -48.3797 -14.0037 100.99
    endloop
  endfacet
  facet normal 0 0 -1
    outer loop
      vertex -54.9094 -13.7032 100.99
      vertex -54.9094 13.7032 100.99
      vertex -48.3797 14.0037 100.99
    endloop
  endfacet
  facet normal 0 0 -1
    outer loop
      vertex -61.2887 -13.3651 100.99
      vertex -54.9094 13.7032 100.99
      vertex -54.9094 -13.7032 100.99
    endloop
  endfacet
  facet normal 0 0 -1
    outer loop
      vertex -61.2887 -13.3651 100.99
      vertex -61.2887 13.3651 100.99
      vertex -54.9094 13.7032 100.99
    endloop
  endfacet
  facet normal 0 0 -1
    outer loop
      vertex -67.5 -12.9904 100.99
      vertex -61.2887 13.3651 100.99
      vertex -61.2887 -13.3651 100.99
    endloop
  endfacet
  facet normal 0 0 -1
    outer loop
      vertex -67.5 -12.9904 100.99
      vertex -67.5 12.9904 100.99
      vertex -61.2887 13.3651 100.99
    endloop
  endfacet
  facet normal 0 0 -1
    outer loop
      vertex -73.5263 -12.5801 100.99
      vertex -67.5 12.9904 100.99
      vertex -67.5 -12.9904 100.99
    endloop
  endfacet
  facet normal 0 0 -1
    outer loop
      vertex -73.5263 -12.5801 100.99
      vertex -73.5263 12.5801 100.99
      vertex -67.5 12.9904 100.99
    endloop
  endfacet
  facet normal 0 0 -1
    outer loop
      vertex -79.351 -12.1353 100.99
      vertex -73.5263 12.5801 100.99
      vertex -73.5263 -12.5801 100.99
    endloop
  endfacet
  facet normal 0 0 -1
    outer loop
      vertex -79.351 -12.1353 100.99
      vertex -79.351 12.1353 100.99
      vertex -73.5263 12.5801 100.99
    endloop
  endfacet
  facet normal 0 0 -1
    outer loop
      vertex -84.9583 -11.6572 100.99
      vertex -79.351 12.1353 100.99
      vertex -79.351 -12.1353 100.99
    endloop
  endfacet
  facet normal 0 0 -1
    outer loop
      vertex -84.9583 -11.6572 100.99
      vertex -84.9583 11.6572 100.99
      vertex -79.351 12.1353 100.99
    endloop
  endfacet
  facet normal 0 0 -1
    outer loop
      vertex -90.3326 -11.1472 100.99
      vertex -84.9583 11.6572 100.99
      vertex -84.9583 -11.6572 100.99
    endloop
  endfacet
  facet normal 0 0 -1
    outer loop
      vertex -90.3326 -11.1472 100.99
      vertex -90.3326 11.1472 100.99
      vertex -84.9583 11.6572 100.99
    endloop
  endfacet
  facet normal 0 0 -1
    outer loop
      vertex -95.4594 -10.6066 100.99
      vertex -90.3326 11.1472 100.99
      vertex -90.3326 -11.1472 100.99
    endloop
  endfacet
  facet normal 0 0 -1
    outer loop
      vertex -95.4594 -10.6066 100.99
      vertex -95.4594 10.6066 100.99
      vertex -90.3326 11.1472 100.99
    endloop
  endfacet
  facet normal 0 0 -1
    outer loop
      vertex -100.325 -10.037 100.99
      vertex -95.4594 10.6066 100.99
      vertex -95.4594 -10.6066 100.99
    endloop
  endfacet
  facet normal 0 0 -1
    outer loop
      vertex -100.325 -10.037 100.99
      vertex -100.325 10.037 100.99
      vertex -95.4594 10.6066 100.99
    endloop
  endfacet
  facet normal 0 0 -1
    outer loop
      vertex -104.915 -9.43981 100.99
      vertex -100.325 10.037 100.99
      vertex -100.325 -10.037 100.99
    endloop
  endfacet
  facet normal 0 0 -1
    outer loop
      vertex -104.915 -9.43981 100.99
      vertex -104.915 9.43981 100.99
      vertex -100.325 10.037 100.99
    endloop
  endfacet
  facet normal 0 0 -1
    outer loop
      vertex -109.217 -8.81678 100.99
      vertex -104.915 9.43981 100.99
      vertex -104.915 -9.43981 100.99
    endloop
  endfacet
  facet normal 0 0 -1
    outer loop
      vertex -109.217 -8.81678 100.99
      vertex -109.217 8.81678 100.99
      vertex -104.915 9.43981 100.99
    endloop
  endfacet
  facet normal 0 0 -1
    outer loop
      vertex -113.221 -8.16959 100.99
      vertex -109.217 8.81678 100.99
      vertex -109.217 -8.81678 100.99
    endloop
  endfacet
  facet normal 0 0 -1
    outer loop
      vertex -113.221 -8.16959 100.99
      vertex -113.221 8.16959 100.99
      vertex -109.217 8.81678 100.99
    endloop
  endfacet
  facet normal 0 0 -1
    outer loop
      vertex -116.913 -7.5 100.99
      vertex -113.221 8.16959 100.99
      vertex -113.221 -8.16959 100.99
    endloop
  endfacet
  facet normal 0 0 -1
    outer loop
      vertex -116.913 -7.5 100.99
      vertex -116.913 7.5 100.99
      vertex -113.221 8.16959 100.99
    endloop
  endfacet
  facet normal 0 0 -1
    outer loop
      vertex -120.286 -6.80986 100.99
      vertex -116.913 7.5 100.99
      vertex -116.913 -7.5 100.99
    endloop
  endfacet
  facet normal 0 0 -1
    outer loop
      vertex -120.286 -6.80986 100.99
      vertex -120.286 6.80986 100.99
      vertex -116.913 7.5 100.99
    endloop
  endfacet
  facet normal 0 0 -1
    outer loop
      vertex -123.329 -6.10105 100.99
      vertex -120.286 6.80986 100.99
      vertex -120.286 -6.80986 100.99
    endloop
  endfacet
  facet normal 0 0 -1
    outer loop
      vertex -123.329 -6.10105 100.99
      vertex -123.329 6.10105 100.99
      vertex -120.286 6.80986 100.99
    endloop
  endfacet
  facet normal 0 0 -1
    outer loop
      vertex -126.033 -5.37552 100.99
      vertex -123.329 6.10105 100.99
      vertex -123.329 -6.10105 100.99
    endloop
  endfacet
  facet normal 0 0 -1
    outer loop
      vertex -126.033 -5.37552 100.99
      vertex -126.033 5.37552 100.99
      vertex -123.329 6.10105 100.99
    endloop
  endfacet
  facet normal 0 0 -1
    outer loop
      vertex -128.393 -4.63525 100.99
      vertex -126.033 5.37552 100.99
      vertex -126.033 -5.37552 100.99
    endloop
  endfacet
  facet normal 0 0 -1
    outer loop
      vertex -128.393 -4.63525 100.99
      vertex -128.393 4.63525 100.99
      vertex -126.033 5.37552 100.99
    endloop
  endfacet
  facet normal 0 0 -1
    outer loop
      vertex -130.4 -3.88229 100.99
      vertex -128.393 4.63525 100.99
      vertex -128.393 -4.63525 100.99
    endloop
  endfacet
  facet normal 0 0 -1
    outer loop
      vertex -130.4 -3.88229 100.99
      vertex -130.4 3.88229 100.99
      vertex -128.393 4.63525 100.99
    endloop
  endfacet
  facet normal 0 0 -1
    outer loop
      vertex -132.05 -3.11868 100.99
      vertex -130.4 3.88229 100.99
      vertex -130.4 -3.88229 100.99
    endloop
  endfacet
  facet normal 0 0 -1
    outer loop
      vertex -132.05 -3.11868 100.99
      vertex -132.05 3.11868 100.99
      vertex -130.4 3.88229 100.99
    endloop
  endfacet
  facet normal 0 0 -1
    outer loop
      vertex -133.338 -2.34652 100.99
      vertex -132.05 3.11868 100.99
      vertex -132.05 -3.11868 100.99
    endloop
  endfacet
  facet normal 0 0 -1
    outer loop
      vertex -133.338 -2.34652 100.99
      vertex -133.338 2.34652 100.99
      vertex -132.05 3.11868 100.99
    endloop
  endfacet
  facet normal 0 0 -1
    outer loop
      vertex -134.26 -1.56793 100.99
      vertex -133.338 2.34652 100.99
      vertex -133.338 -2.34652 100.99
    endloop
  endfacet
  facet normal 0 0 -1
    outer loop
      vertex -134.26 -1.56793 100.99
      vertex -134.26 1.56793 100.99
      vertex -133.338 2.34652 100.99
    endloop
  endfacet
  facet normal 0 0 -1
    outer loop
      vertex -134.815 -0.785039 100.99
      vertex -134.26 1.56793 100.99
      vertex -134.26 -1.56793 100.99
    endloop
  endfacet
  facet normal 0 0 -1
    outer loop
      vertex -134.815 -0.785039 100.99
      vertex -134.815 0.785039 100.99
      vertex -134.26 1.56793 100.99
    endloop
  endfacet
  facet normal 0 -0 -1
    outer loop
      vertex -134.815 0.785039 100.99
      vertex -134.815 -0.785039 100.99
      vertex -135 0 100.99
    endloop
  endfacet
  facet normal 0.104778 -0.719994 -0.686025
    outer loop
      vertex -72.928 110.323 0
      vertex -61.0813 112.047 0
      vertex -109.217 8.81678 100.99
    endloop
  endfacet
  facet normal 1 0 0
    outer loop
      vertex 0 120 0.00999928
      vertex 0 117.875 0.00999928
      vertex 0 120 0
    endloop
  endfacet
  facet normal 1 0 0
    outer loop
      vertex 0 15 105
      vertex 0 117.875 0.00999928
      vertex 0 120 0.00999928
    endloop
  endfacet
  facet normal 1 0 0
    outer loop
      vertex 0 15 105
      vertex 0 15 102.875
      vertex 0 117.875 0.00999928
    endloop
  endfacet
  facet normal 1 -0 0
    outer loop
      vertex 0 -15 105
      vertex 0 15 102.875
      vertex 0 15 105
    endloop
  endfacet
  facet normal 1 0 0
    outer loop
      vertex 0 -15 105
      vertex 0 -15 102.875
      vertex 0 15 102.875
    endloop
  endfacet
  facet normal 1 0 0
    outer loop
      vertex 0 -15 105
      vertex 0 -117.875 0.00999928
      vertex 0 -15 102.875
    endloop
  endfacet
  facet normal 1 0 0
    outer loop
      vertex 0 -120 0.00999928
      vertex 0 -117.875 0.00999928
      vertex 0 -15 105
    endloop
  endfacet
  facet normal 1 -0 0
    outer loop
      vertex 0 -120 0.00999928
      vertex 0 -117.875 0
      vertex 0 -117.875 0.00999928
    endloop
  endfacet
  facet normal 1 0 0
    outer loop
      vertex 0 -117.875 0
      vertex 0 -120 0.00999928
      vertex 0 -120 0
    endloop
  endfacet
  facet normal 1 0 0
    outer loop
      vertex 0 120 0
      vertex 0 117.875 0.00999928
      vertex 0 117.875 0
    endloop
  endfacet
  facet normal 0.0111035 0.707455 0.706671
    outer loop
      vertex 7.75 61.3306 56.5038
      vertex 4.25882 104.875 12.9659
      vertex 4 104.845 13
    endloop
  endfacet
  facet normal 0.00827438 0.707361 0.706804
    outer loop
      vertex 7.75 61.3306 56.5038
      vertex 4.5 104.972 12.866
      vertex 4.25882 104.875 12.9659
    endloop
  endfacet
  facet normal 0.00941209 0.707397 0.706754
    outer loop
      vertex 7.75 61.3306 56.5038
      vertex 4.70711 105.128 12.7071
      vertex 4.5 104.972 12.866
    endloop
  endfacet
  facet normal 0.00858532 0.707373 0.706788
    outer loop
      vertex 7.75 61.3306 56.5038
      vertex 4.86602 105.333 12.5
      vertex 4.70711 105.128 12.7071
    endloop
  endfacet
  facet normal 0.00728821 0.707338 0.706838
    outer loop
      vertex 7.75 61.3306 56.5038
      vertex 4.96593 105.573 12.2588
      vertex 4.86602 105.333 12.5
    endloop
  endfacet
  facet normal 0.00936889 0.707391 0.70676
    outer loop
      vertex 7.75 117.774 0.00999928
      vertex 4.96593 105.573 12.2588
      vertex 7.75 61.3306 56.5038
    endloop
  endfacet
  facet normal 0.0106757 0.707143 0.70699
    outer loop
      vertex 4.25882 106.805 11.0341
      vertex 7.75 117.774 0.00999928
      vertex 4 106.843 11
    endloop
  endfacet
  facet normal 0.0093324 0.707366 0.706786
    outer loop
      vertex 4.5 106.702 11.134
      vertex 7.75 117.774 0.00999928
      vertex 4.25882 106.805 11.0341
    endloop
  endfacet
  facet normal 0.00793386 0.707579 0.706589
    outer loop
      vertex 4.70711 106.541 11.2929
      vertex 7.75 117.774 0.00999928
      vertex 4.5 106.702 11.134
    endloop
  endfacet
  facet normal 0.00927519 0.70739 0.706763
    outer loop
      vertex 4.86602 106.332 11.5
      vertex 7.75 117.774 0.00999928
      vertex 4.70711 106.541 11.2929
    endloop
  endfacet
  facet normal 0.00797138 0.707562 0.706607
    outer loop
      vertex 4.96593 106.09 11.7412
      vertex 7.75 117.774 0.00999928
      vertex 4.86602 106.332 11.5
    endloop
  endfacet
  facet normal 0.00919581 0.707409 0.706745
    outer loop
      vertex 5 105.831 12
      vertex 7.75 117.774 0.00999928
      vertex 4.96593 106.09 11.7412
    endloop
  endfacet
  facet normal 0.00600358 0.707792 0.706395
    outer loop
      vertex 4.96593 105.573 12.2588
      vertex 7.75 117.774 0.00999928
      vertex 5 105.831 12
    endloop
  endfacet
  facet normal 0.00799363 0.707342 0.706826
    outer loop
      vertex 3.74118 104.882 12.9659
      vertex 7.75 61.3306 56.5038
      vertex 4 104.845 13
    endloop
  endfacet
  facet normal 0.00935858 0.707397 0.706755
    outer loop
      vertex 3.5 104.985 12.866
      vertex 7.75 61.3306 56.5038
      vertex 3.74118 104.882 12.9659
    endloop
  endfacet
  facet normal 0.00752796 0.707319 0.706855
    outer loop
      vertex 3.29289 105.146 12.7071
      vertex 7.75 61.3306 56.5038
      vertex 3.5 104.985 12.866
    endloop
  endfacet
  facet normal 0.00929678 0.707398 0.706754
    outer loop
      vertex 3.13397 105.355 12.5
      vertex 7.75 61.3306 56.5038
      vertex 3.29289 105.146 12.7071
    endloop
  endfacet
  facet normal 0.0160049 0.70769 0.706342
    outer loop
      vertex 3.03407 105.598 12.2588
      vertex 7.75 61.3306 56.5038
      vertex 3.13397 105.355 12.5
    endloop
  endfacet
  facet normal 0.00932237 0.707416 0.706736
    outer loop
      vertex 0 117.875 0.00999928
      vertex 3.03407 105.598 12.2588
      vertex 3 105.857 12
    endloop
  endfacet
  facet normal 0.00921905 0.707403 0.706751
    outer loop
      vertex 0 117.875 0.00999928
      vertex 4 106.843 11
      vertex 7.75 117.774 0.00999928
    endloop
  endfacet
  facet normal 0.00842338 0.707263 0.7069
    outer loop
      vertex 4 106.843 11
      vertex 0 117.875 0.00999928
      vertex 3.74118 106.812 11.0341
    endloop
  endfacet
  facet normal 0.00836238 0.707253 0.706911
    outer loop
      vertex 3.74118 106.812 11.0341
      vertex 0 117.875 0.00999928
      vertex 3.5 106.715 11.134
    endloop
  endfacet
  facet normal 0.00939402 0.707409 0.706742
    outer loop
      vertex 3.5 106.715 11.134
      vertex 0 117.875 0.00999928
      vertex 3.29289 106.559 11.2929
    endloop
  endfacet
  facet normal 0.00873029 0.707316 0.706843
    outer loop
      vertex 3.29289 106.559 11.2929
      vertex 0 117.875 0.00999928
      vertex 3.13397 106.354 11.5
    endloop
  endfacet
  facet normal 0.00900253 0.707379 0.706777
    outer loop
      vertex 3.03407 105.598 12.2588
      vertex 0 117.875 0.00999928
      vertex 7.75 61.3306 56.5038
    endloop
  endfacet
  facet normal 0.0100541 0.707503 0.706639
    outer loop
      vertex 3.03407 106.115 11.7412
      vertex 0 117.875 0.00999928
      vertex 3 105.857 12
    endloop
  endfacet
  facet normal 0.0121773 0.70776 0.706348
    outer loop
      vertex 3.13397 106.354 11.5
      vertex 0 117.875 0.00999928
      vertex 3.03407 106.115 11.7412
    endloop
  endfacet
  facet normal 0.00609434 0.707201 0.706986
    outer loop
      vertex 7.75 61.3306 56.5038
      vertex 7.06535 14.9794 102.875
      vertex 7.75 14.9735 102.875
    endloop
  endfacet
  facet normal 0.00617599 0.7072 0.706986
    outer loop
      vertex 7.06535 14.9794 102.875
      vertex 7.75 61.3306 56.5038
      vertex 0 117.875 0.00999928
    endloop
  endfacet
  facet normal 0.0130312 0.999915 -0
    outer loop
      vertex 7.75 117.774 0
      vertex 0 117.875 0.00999928
      vertex 7.75 117.774 0.00999928
    endloop
  endfacet
  facet normal 0.0130312 0.999915 0
    outer loop
      vertex 0 117.875 0.00999928
      vertex 7.75 117.774 0
      vertex 0 117.875 0
    endloop
  endfacet
  facet normal 0.00206156 0.707071 0.70714
    outer loop
      vertex 0 117.875 0.00999928
      vertex 0 15 102.875
      vertex 7.06535 14.9794 102.875
    endloop
  endfacet
  facet normal 0.0130312 -0.999915 0
    outer loop
      vertex 0 -117.875 0
      vertex 7.75 -117.774 0.00999928
      vertex 0 -117.875 0.00999928
    endloop
  endfacet
  facet normal 0.0130312 -0.999915 0
    outer loop
      vertex 7.75 -117.774 0.00999928
      vertex 0 -117.875 0
      vertex 7.75 -117.774 0
    endloop
  endfacet
  facet normal 0.00206156 -0.707071 0.70714
    outer loop
      vertex 0 -15 102.875
      vertex 0 -117.875 0.00999928
      vertex 7.06535 -14.9794 102.875
    endloop
  endfacet
  facet normal 0 0 1
    outer loop
      vertex 7.06535 14.9794 102.875
      vertex 7.75 -14.9735 102.875
      vertex 7.75 14.9735 102.875
    endloop
  endfacet
  facet normal 0 0 1
    outer loop
      vertex 7.06535 14.9794 102.875
      vertex 7.06535 -14.9794 102.875
      vertex 7.75 -14.9735 102.875
    endloop
  endfacet
  facet normal 0 0 1
    outer loop
      vertex 0 15 102.875
      vertex 7.06535 -14.9794 102.875
      vertex 7.06535 14.9794 102.875
    endloop
  endfacet
  facet normal 0 0 1
    outer loop
      vertex 7.06535 -14.9794 102.875
      vertex 0 15 102.875
      vertex 0 -15 102.875
    endloop
  endfacet
  facet normal 0.00609434 -0.707201 0.706986
    outer loop
      vertex 7.06535 -14.9794 102.875
      vertex 7.75 -61.3306 56.5038
      vertex 7.75 -14.9735 102.875
    endloop
  endfacet
  facet normal 0.00617599 -0.7072 0.706986
    outer loop
      vertex 7.75 -61.3306 56.5038
      vertex 7.06535 -14.9794 102.875
      vertex 0 -117.875 0.00999928
    endloop
  endfacet
  facet normal 0.00799363 -0.707342 0.706826
    outer loop
      vertex 7.75 -61.3306 56.5038
      vertex 3.74118 -104.882 12.9659
      vertex 4 -104.845 13
    endloop
  endfacet
  facet normal 0.00935858 -0.707397 0.706755
    outer loop
      vertex 7.75 -61.3306 56.5038
      vertex 3.5 -104.985 12.866
      vertex 3.74118 -104.882 12.9659
    endloop
  endfacet
  facet normal 0.00752796 -0.707319 0.706855
    outer loop
      vertex 7.75 -61.3306 56.5038
      vertex 3.29289 -105.146 12.7071
      vertex 3.5 -104.985 12.866
    endloop
  endfacet
  facet normal 0.00929678 -0.707398 0.706754
    outer loop
      vertex 7.75 -61.3306 56.5038
      vertex 3.13397 -105.355 12.5
      vertex 3.29289 -105.146 12.7071
    endloop
  endfacet
  facet normal 0.0160049 -0.70769 0.706342
    outer loop
      vertex 7.75 -61.3306 56.5038
      vertex 3.03407 -105.598 12.2588
      vertex 3.13397 -105.355 12.5
    endloop
  endfacet
  facet normal 0.00900253 -0.707379 0.706777
    outer loop
      vertex 0 -117.875 0.00999928
      vertex 3.03407 -105.598 12.2588
      vertex 7.75 -61.3306 56.5038
    endloop
  endfacet
  facet normal 0.00842338 -0.707263 0.7069
    outer loop
      vertex 3.74118 -106.812 11.0341
      vertex 0 -117.875 0.00999928
      vertex 4 -106.843 11
    endloop
  endfacet
  facet normal 0.00836238 -0.707253 0.706911
    outer loop
      vertex 3.5 -106.715 11.134
      vertex 0 -117.875 0.00999928
      vertex 3.74118 -106.812 11.0341
    endloop
  endfacet
  facet normal 0.00939402 -0.707409 0.706742
    outer loop
      vertex 3.29289 -106.559 11.2929
      vertex 0 -117.875 0.00999928
      vertex 3.5 -106.715 11.134
    endloop
  endfacet
  facet normal 0.00873029 -0.707316 0.706843
    outer loop
      vertex 3.13397 -106.354 11.5
      vertex 0 -117.875 0.00999928
      vertex 3.29289 -106.559 11.2929
    endloop
  endfacet
  facet normal 0.0121773 -0.70776 0.706348
    outer loop
      vertex 3.03407 -106.115 11.7412
      vertex 0 -117.875 0.00999928
      vertex 3.13397 -106.354 11.5
    endloop
  endfacet
  facet normal 0.0100541 -0.707503 0.706639
    outer loop
      vertex 3 -105.857 12
      vertex 0 -117.875 0.00999928
      vertex 3.03407 -106.115 11.7412
    endloop
  endfacet
  facet normal 0.00932237 -0.707416 0.706736
    outer loop
      vertex 3.03407 -105.598 12.2588
      vertex 0 -117.875 0.00999928
      vertex 3 -105.857 12
    endloop
  endfacet
  facet normal 0.0111035 -0.707455 0.706671
    outer loop
      vertex 4.25882 -104.875 12.9659
      vertex 7.75 -61.3306 56.5038
      vertex 4 -104.845 13
    endloop
  endfacet
  facet normal 0.00827438 -0.707361 0.706804
    outer loop
      vertex 4.5 -104.972 12.866
      vertex 7.75 -61.3306 56.5038
      vertex 4.25882 -104.875 12.9659
    endloop
  endfacet
  facet normal 0.00941209 -0.707397 0.706754
    outer loop
      vertex 4.70711 -105.128 12.7071
      vertex 7.75 -61.3306 56.5038
      vertex 4.5 -104.972 12.866
    endloop
  endfacet
  facet normal 0.00858532 -0.707373 0.706788
    outer loop
      vertex 4.86602 -105.333 12.5
      vertex 7.75 -61.3306 56.5038
      vertex 4.70711 -105.128 12.7071
    endloop
  endfacet
  facet normal 0.00728821 -0.707338 0.706838
    outer loop
      vertex 4.96593 -105.573 12.2588
      vertex 7.75 -61.3306 56.5038
      vertex 4.86602 -105.333 12.5
    endloop
  endfacet
  facet normal 0.00600358 -0.707792 0.706395
    outer loop
      vertex 7.75 -117.774 0.00999928
      vertex 4.96593 -105.573 12.2588
      vertex 5 -105.831 12
    endloop
  endfacet
  facet normal 0.00921905 -0.707403 0.706751
    outer loop
      vertex 7.75 -117.774 0.00999928
      vertex 4 -106.843 11
      vertex 0 -117.875 0.00999928
    endloop
  endfacet
  facet normal 0.0106757 -0.707143 0.70699
    outer loop
      vertex 4 -106.843 11
      vertex 7.75 -117.774 0.00999928
      vertex 4.25882 -106.805 11.0341
    endloop
  endfacet
  facet normal 0.0093324 -0.707366 0.706786
    outer loop
      vertex 4.25882 -106.805 11.0341
      vertex 7.75 -117.774 0.00999928
      vertex 4.5 -106.702 11.134
    endloop
  endfacet
  facet normal 0.00793386 -0.707579 0.706589
    outer loop
      vertex 4.5 -106.702 11.134
      vertex 7.75 -117.774 0.00999928
      vertex 4.70711 -106.541 11.2929
    endloop
  endfacet
  facet normal 0.00936889 -0.707391 0.70676
    outer loop
      vertex 4.96593 -105.573 12.2588
      vertex 7.75 -117.774 0.00999928
      vertex 7.75 -61.3306 56.5038
    endloop
  endfacet
  facet normal 0.00919581 -0.707409 0.706745
    outer loop
      vertex 4.96593 -106.09 11.7412
      vertex 7.75 -117.774 0.00999928
      vertex 5 -105.831 12
    endloop
  endfacet
  facet normal 0.00797138 -0.707562 0.706607
    outer loop
      vertex 4.86602 -106.332 11.5
      vertex 7.75 -117.774 0.00999928
      vertex 4.96593 -106.09 11.7412
    endloop
  endfacet
  facet normal 0.00927519 -0.70739 0.706763
    outer loop
      vertex 4.70711 -106.541 11.2929
      vertex 7.75 -117.774 0.00999928
      vertex 4.86602 -106.332 11.5
    endloop
  endfacet
  facet normal -0.00206156 0.70707 -0.70714
    outer loop
      vertex 0 -15 100.99
      vertex 7.06535 -14.9794 100.99
      vertex 0 -116 0
    endloop
  endfacet
  facet normal -0.00609435 -0.707203 -0.706984
    outer loop
      vertex 7.06535 14.9794 100.99
      vertex 7.75 60.4853 55.4641
      vertex 7.75 14.9735 100.99
    endloop
  endfacet
  facet normal -0.00617607 -0.707202 -0.706984
    outer loop
      vertex 7.75 60.4853 55.4641
      vertex 7.06535 14.9794 100.99
      vertex 0 116 0
    endloop
  endfacet
  facet normal -0.00609435 0.707203 -0.706984
    outer loop
      vertex 7.75 -60.4853 55.4641
      vertex 7.06535 -14.9794 100.99
      vertex 7.75 -14.9735 100.99
    endloop
  endfacet
  facet normal -0.00617607 0.707202 -0.706984
    outer loop
      vertex 7.06535 -14.9794 100.99
      vertex 7.75 -60.4853 55.4641
      vertex 0 -116 0
    endloop
  endfacet
  facet normal -0.00799539 -0.707349 -0.706819
    outer loop
      vertex 7.75 60.4853 55.4641
      vertex 3.74118 102.997 12.9659
      vertex 4 102.96 13
    endloop
  endfacet
  facet normal -0.00936546 -0.707405 -0.706746
    outer loop
      vertex 7.75 60.4853 55.4641
      vertex 3.5 103.1 12.866
      vertex 3.74118 102.997 12.9659
    endloop
  endfacet
  facet normal -0.0112383 -0.707485 -0.706639
    outer loop
      vertex 7.75 60.4853 55.4641
      vertex 3.29289 103.262 12.7071
      vertex 3.5 103.1 12.866
    endloop
  endfacet
  facet normal -0.00929545 -0.707398 -0.706755
    outer loop
      vertex 7.75 60.4853 55.4641
      vertex 3.13397 103.471 12.5
      vertex 3.29289 103.262 12.7071
    endloop
  endfacet
  facet normal -0.00648836 -0.707263 -0.706921
    outer loop
      vertex 7.75 60.4853 55.4641
      vertex 3.03407 103.713 12.2588
      vertex 3.13397 103.471 12.5
    endloop
  endfacet
  facet normal -0.00911114 -0.707391 -0.706763
    outer loop
      vertex 0 116 0
      vertex 3.03407 103.713 12.2588
      vertex 7.75 60.4853 55.4641
    endloop
  endfacet
  facet normal -0.0110382 -0.707719 -0.706408
    outer loop
      vertex 3.74118 104.928 11.0341
      vertex 0 116 0
      vertex 4 104.958 11
    endloop
  endfacet
  facet normal -0.00833956 -0.707281 -0.706883
    outer loop
      vertex 3.5 104.831 11.134
      vertex 0 116 0
      vertex 3.74118 104.928 11.0341
    endloop
  endfacet
  facet normal -0.00935549 -0.707434 -0.706717
    outer loop
      vertex 3.29289 104.675 11.2929
      vertex 0 116 0
      vertex 3.5 104.831 11.134
    endloop
  endfacet
  facet normal -0.00867186 -0.707339 -0.706821
    outer loop
      vertex 3.13397 104.47 11.5
      vertex 0 116 0
      vertex 3.29289 104.675 11.2929
    endloop
  endfacet
  facet normal -0.00781054 -0.707227 -0.706943
    outer loop
      vertex 3.03407 104.23 11.7412
      vertex 0 116 0
      vertex 3.13397 104.47 11.5
    endloop
  endfacet
  facet normal -0.0100561 -0.707502 -0.706639
    outer loop
      vertex 3 103.972 12
      vertex 0 116 0
      vertex 3.03407 104.23 11.7412
    endloop
  endfacet
  facet normal -0.00932752 -0.707417 -0.706735
    outer loop
      vertex 3.03407 103.713 12.2588
      vertex 0 116 0
      vertex 3 103.972 12
    endloop
  endfacet
  facet normal -0.00839796 -0.707364 -0.706799
    outer loop
      vertex 4.25882 102.991 12.9659
      vertex 7.75 60.4853 55.4641
      vertex 4 102.96 13
    endloop
  endfacet
  facet normal -0.0111135 -0.707457 -0.706669
    outer loop
      vertex 4.5 103.087 12.866
      vertex 7.75 60.4853 55.4641
      vertex 4.25882 102.991 12.9659
    endloop
  endfacet
  facet normal -0.00617318 -0.707299 -0.706888
    outer loop
      vertex 4.70711 103.244 12.7071
      vertex 7.75 60.4853 55.4641
      vertex 4.5 103.087 12.866
    endloop
  endfacet
  facet normal -0.0126637 -0.707486 -0.706613
    outer loop
      vertex 4.86602 103.448 12.5
      vertex 7.75 60.4853 55.4641
      vertex 4.70711 103.244 12.7071
    endloop
  endfacet
  facet normal -0.00726312 -0.707343 -0.706833
    outer loop
      vertex 4.96593 103.688 12.2588
      vertex 7.75 60.4853 55.4641
      vertex 4.86602 103.448 12.5
    endloop
  endfacet
  facet normal -0.00538671 -0.707836 -0.706357
    outer loop
      vertex 7.75 115.9 0
      vertex 4.96593 103.688 12.2588
      vertex 5 103.946 12
    endloop
  endfacet
  facet normal -0.00912757 -0.707386 -0.706768
    outer loop
      vertex 7.75 115.9 0
      vertex 4 104.958 11
      vertex 0 116 0
    endloop
  endfacet
  facet normal -0.0080578 -0.707576 -0.706592
    outer loop
      vertex 4 104.958 11
      vertex 7.75 115.9 0
      vertex 4.25882 104.921 11.0341
    endloop
  endfacet
  facet normal -0.00933219 -0.707366 -0.706786
    outer loop
      vertex 4.25882 104.921 11.0341
      vertex 7.75 115.9 0
      vertex 4.5 104.818 11.134
    endloop
  endfacet
  facet normal -0.00793327 -0.707579 -0.70659
    outer loop
      vertex 4.5 104.818 11.134
      vertex 7.75 115.9 0
      vertex 4.70711 104.657 11.2929
    endloop
  endfacet
  facet normal -0.00911698 -0.707392 -0.706762
    outer loop
      vertex 4.96593 103.688 12.2588
      vertex 7.75 115.9 0
      vertex 7.75 60.4853 55.4641
    endloop
  endfacet
  facet normal -0.00903065 -0.707399 -0.706757
    outer loop
      vertex 4.96593 104.205 11.7412
      vertex 7.75 115.9 0
      vertex 5 103.946 12
    endloop
  endfacet
  facet normal -0.0123711 -0.706977 -0.707128
    outer loop
      vertex 4.86602 104.448 11.5
      vertex 7.75 115.9 0
      vertex 4.96593 104.205 11.7412
    endloop
  endfacet
  facet normal -0.00927461 -0.70739 -0.706763
    outer loop
      vertex 4.70711 104.657 11.2929
      vertex 7.75 115.9 0
      vertex 4.86602 104.448 11.5
    endloop
  endfacet
  facet normal -0.00206156 -0.70707 -0.70714
    outer loop
      vertex 0 116 0
      vertex 7.06535 14.9794 100.99
      vertex 0 15 100.99
    endloop
  endfacet
  facet normal -0.00839796 0.707364 -0.706799
    outer loop
      vertex 7.75 -60.4853 55.4641
      vertex 4.25882 -102.991 12.9659
      vertex 4 -102.96 13
    endloop
  endfacet
  facet normal -0.0111135 0.707457 -0.706669
    outer loop
      vertex 7.75 -60.4853 55.4641
      vertex 4.5 -103.087 12.866
      vertex 4.25882 -102.991 12.9659
    endloop
  endfacet
  facet normal -0.00617318 0.707299 -0.706888
    outer loop
      vertex 7.75 -60.4853 55.4641
      vertex 4.70711 -103.244 12.7071
      vertex 4.5 -103.087 12.866
    endloop
  endfacet
  facet normal -0.0126637 0.707486 -0.706613
    outer loop
      vertex 7.75 -60.4853 55.4641
      vertex 4.86602 -103.448 12.5
      vertex 4.70711 -103.244 12.7071
    endloop
  endfacet
  facet normal -0.00726312 0.707343 -0.706833
    outer loop
      vertex 7.75 -60.4853 55.4641
      vertex 4.96593 -103.688 12.2588
      vertex 4.86602 -103.448 12.5
    endloop
  endfacet
  facet normal -0.00911698 0.707392 -0.706762
    outer loop
      vertex 7.75 -115.9 0
      vertex 4.96593 -103.688 12.2588
      vertex 7.75 -60.4853 55.4641
    endloop
  endfacet
  facet normal -0.0080578 0.707576 -0.706592
    outer loop
      vertex 4.25882 -104.921 11.0341
      vertex 7.75 -115.9 0
      vertex 4 -104.958 11
    endloop
  endfacet
  facet normal -0.00933219 0.707366 -0.706786
    outer loop
      vertex 4.5 -104.818 11.134
      vertex 7.75 -115.9 0
      vertex 4.25882 -104.921 11.0341
    endloop
  endfacet
  facet normal -0.00793327 0.707579 -0.70659
    outer loop
      vertex 4.70711 -104.657 11.2929
      vertex 7.75 -115.9 0
      vertex 4.5 -104.818 11.134
    endloop
  endfacet
  facet normal -0.00927461 0.70739 -0.706763
    outer loop
      vertex 4.86602 -104.448 11.5
      vertex 7.75 -115.9 0
      vertex 4.70711 -104.657 11.2929
    endloop
  endfacet
  facet normal -0.0123711 0.706977 -0.707128
    outer loop
      vertex 4.96593 -104.205 11.7412
      vertex 7.75 -115.9 0
      vertex 4.86602 -104.448 11.5
    endloop
  endfacet
  facet normal -0.00903065 0.707399 -0.706757
    outer loop
      vertex 5 -103.946 12
      vertex 7.75 -115.9 0
      vertex 4.96593 -104.205 11.7412
    endloop
  endfacet
  facet normal -0.00538671 0.707836 -0.706357
    outer loop
      vertex 4.96593 -103.688 12.2588
      vertex 7.75 -115.9 0
      vertex 5 -103.946 12
    endloop
  endfacet
  facet normal -0.00799539 0.707349 -0.706819
    outer loop
      vertex 3.74118 -102.997 12.9659
      vertex 7.75 -60.4853 55.4641
      vertex 4 -102.96 13
    endloop
  endfacet
  facet normal -0.00936546 0.707405 -0.706746
    outer loop
      vertex 3.5 -103.1 12.866
      vertex 7.75 -60.4853 55.4641
      vertex 3.74118 -102.997 12.9659
    endloop
  endfacet
  facet normal -0.0112383 0.707485 -0.706639
    outer loop
      vertex 3.29289 -103.262 12.7071
      vertex 7.75 -60.4853 55.4641
      vertex 3.5 -103.1 12.866
    endloop
  endfacet
  facet normal -0.00929545 0.707398 -0.706755
    outer loop
      vertex 3.13397 -103.471 12.5
      vertex 7.75 -60.4853 55.4641
      vertex 3.29289 -103.262 12.7071
    endloop
  endfacet
  facet normal -0.00648836 0.707263 -0.706921
    outer loop
      vertex 3.03407 -103.713 12.2588
      vertex 7.75 -60.4853 55.4641
      vertex 3.13397 -103.471 12.5
    endloop
  endfacet
  facet normal -0.00932752 0.707417 -0.706735
    outer loop
      vertex 0 -116 0
      vertex 3.03407 -103.713 12.2588
      vertex 3 -103.972 12
    endloop
  endfacet
  facet normal -0.00912757 0.707386 -0.706768
    outer loop
      vertex 0 -116 0
      vertex 4 -104.958 11
      vertex 7.75 -115.9 0
    endloop
  endfacet
  facet normal -0.0110382 0.707719 -0.706408
    outer loop
      vertex 4 -104.958 11
      vertex 0 -116 0
      vertex 3.74118 -104.928 11.0341
    endloop
  endfacet
  facet normal -0.00833956 0.707281 -0.706883
    outer loop
      vertex 3.74118 -104.928 11.0341
      vertex 0 -116 0
      vertex 3.5 -104.831 11.134
    endloop
  endfacet
  facet normal -0.00935549 0.707434 -0.706717
    outer loop
      vertex 3.5 -104.831 11.134
      vertex 0 -116 0
      vertex 3.29289 -104.675 11.2929
    endloop
  endfacet
  facet normal -0.00867186 0.707339 -0.706821
    outer loop
      vertex 3.29289 -104.675 11.2929
      vertex 0 -116 0
      vertex 3.13397 -104.47 11.5
    endloop
  endfacet
  facet normal -0.00911114 0.707391 -0.706763
    outer loop
      vertex 3.03407 -103.713 12.2588
      vertex 0 -116 0
      vertex 7.75 -60.4853 55.4641
    endloop
  endfacet
  facet normal -0.0100561 0.707502 -0.706639
    outer loop
      vertex 3.03407 -104.23 11.7412
      vertex 0 -116 0
      vertex 3 -103.972 12
    endloop
  endfacet
  facet normal -0.00781054 0.707227 -0.706943
    outer loop
      vertex 3.13397 -104.47 11.5
      vertex 0 -116 0
      vertex 3.03407 -104.23 11.7412
    endloop
  endfacet
  facet normal 1 0 0
    outer loop
      vertex 7.75 117.774 0.00999928
      vertex 7.75 115.9 0
      vertex 7.75 117.774 0
    endloop
  endfacet
  facet normal 1 0 0
    outer loop
      vertex 7.75 61.3306 56.5038
      vertex 7.75 115.9 0
      vertex 7.75 117.774 0.00999928
    endloop
  endfacet
  facet normal 1 0 0
    outer loop
      vertex 7.75 61.3306 56.5038
      vertex 7.75 60.4853 55.4641
      vertex 7.75 115.9 0
    endloop
  endfacet
  facet normal 1 -0 0
    outer loop
      vertex 7.75 14.9735 100.99
      vertex 7.75 61.3306 56.5038
      vertex 7.75 14.9735 102.875
    endloop
  endfacet
  facet normal 1 0 0
    outer loop
      vertex 7.75 61.3306 56.5038
      vertex 7.75 14.9735 100.99
      vertex 7.75 60.4853 55.4641
    endloop
  endfacet
  facet normal 1 -0 0
    outer loop
      vertex 7.75 -14.9735 102.875
      vertex 7.75 14.9735 100.99
      vertex 7.75 14.9735 102.875
    endloop
  endfacet
  facet normal 1 0 0
    outer loop
      vertex 7.75 -14.9735 102.875
      vertex 7.75 -14.9735 100.99
      vertex 7.75 14.9735 100.99
    endloop
  endfacet
  facet normal 1 0 0
    outer loop
      vertex 7.75 -61.3306 56.5038
      vertex 7.75 -14.9735 100.99
      vertex 7.75 -14.9735 102.875
    endloop
  endfacet
  facet normal 1 0 0
    outer loop
      vertex 7.75 -14.9735 100.99
      vertex 7.75 -61.3306 56.5038
      vertex 7.75 -60.4853 55.4641
    endloop
  endfacet
  facet normal 1 0 0
    outer loop
      vertex 7.75 -61.3306 56.5038
      vertex 7.75 -115.9 0
      vertex 7.75 -60.4853 55.4641
    endloop
  endfacet
  facet normal 1 -0 0
    outer loop
      vertex 7.75 -117.774 0.00999928
      vertex 7.75 -115.9 0
      vertex 7.75 -61.3306 56.5038
    endloop
  endfacet
  facet normal 1 0 0
    outer loop
      vertex 7.75 -115.9 0
      vertex 7.75 -117.774 0.00999928
      vertex 7.75 -117.774 0
    endloop
  endfacet
  facet normal 0.793341 -0 0.608777
    outer loop
      vertex 3.13397 -106.354 11.5
      vertex 3.29289 -104.675 11.2929
      vertex 3.13397 -104.47 11.5
    endloop
  endfacet
  facet normal 0.793341 0 0.608777
    outer loop
      vertex 3.29289 -104.675 11.2929
      vertex 3.13397 -106.354 11.5
      vertex 3.29289 -106.559 11.2929
    endloop
  endfacet
  facet normal 0.793341 0 0.608777
    outer loop
      vertex 3.13397 106.354 11.5
      vertex 3.29289 104.675 11.2929
      vertex 3.29289 106.559 11.2929
    endloop
  endfacet
  facet normal 0.793341 0 0.608777
    outer loop
      vertex 3.29289 104.675 11.2929
      vertex 3.13397 106.354 11.5
      vertex 3.13397 104.47 11.5
    endloop
  endfacet
  facet normal -0.923877 0 -0.382689
    outer loop
      vertex 4.96593 -103.688 12.2588
      vertex 4.86602 -105.333 12.5
      vertex 4.86602 -103.448 12.5
    endloop
  endfacet
  facet normal -0.923877 0 -0.382689
    outer loop
      vertex 4.86602 -105.333 12.5
      vertex 4.96593 -103.688 12.2588
      vertex 4.96593 -105.573 12.2588
    endloop
  endfacet
  facet normal -0.923877 0 -0.382689
    outer loop
      vertex 4.96593 103.688 12.2588
      vertex 4.86602 105.333 12.5
      vertex 4.96593 105.573 12.2588
    endloop
  endfacet
  facet normal -0.923877 -0 -0.382689
    outer loop
      vertex 4.86602 105.333 12.5
      vertex 4.96593 103.688 12.2588
      vertex 4.86602 103.448 12.5
    endloop
  endfacet
  facet normal -0.991446 0 -0.13052
    outer loop
      vertex 5 -103.946 12
      vertex 4.96593 -105.573 12.2588
      vertex 4.96593 -103.688 12.2588
    endloop
  endfacet
  facet normal -0.991446 0 -0.13052
    outer loop
      vertex 4.96593 -105.573 12.2588
      vertex 5 -103.946 12
      vertex 5 -105.831 12
    endloop
  endfacet
  facet normal -0.991446 0 -0.13052
    outer loop
      vertex 5 103.946 12
      vertex 4.96593 105.573 12.2588
      vertex 5 105.831 12
    endloop
  endfacet
  facet normal -0.991446 -0 -0.13052
    outer loop
      vertex 4.96593 105.573 12.2588
      vertex 5 103.946 12
      vertex 4.96593 103.688 12.2588
    endloop
  endfacet
  facet normal -0.130623 -0 -0.991432
    outer loop
      vertex 4 104.845 13
      vertex 4.25882 102.991 12.9659
      vertex 4 102.96 13
    endloop
  endfacet
  facet normal -0.130623 0 -0.991432
    outer loop
      vertex 4.25882 102.991 12.9659
      vertex 4 104.845 13
      vertex 4.25882 104.875 12.9659
    endloop
  endfacet
  facet normal -0.130623 0 -0.991432
    outer loop
      vertex 4 -104.845 13
      vertex 4.25882 -102.991 12.9659
      vertex 4.25882 -104.875 12.9659
    endloop
  endfacet
  facet normal -0.130623 0 -0.991432
    outer loop
      vertex 4.25882 -102.991 12.9659
      vertex 4 -104.845 13
      vertex 4 -102.96 13
    endloop
  endfacet
  facet normal 0.130623 0 -0.991432
    outer loop
      vertex 3.74118 102.997 12.9659
      vertex 4 104.845 13
      vertex 4 102.96 13
    endloop
  endfacet
  facet normal 0.130623 0 -0.991432
    outer loop
      vertex 4 104.845 13
      vertex 3.74118 102.997 12.9659
      vertex 3.74118 104.882 12.9659
    endloop
  endfacet
  facet normal 0.130623 0 -0.991432
    outer loop
      vertex 3.74118 -102.997 12.9659
      vertex 4 -104.845 13
      vertex 3.74118 -104.882 12.9659
    endloop
  endfacet
  facet normal 0.130623 0 -0.991432
    outer loop
      vertex 4 -104.845 13
      vertex 3.74118 -102.997 12.9659
      vertex 4 -102.96 13
    endloop
  endfacet
  facet normal -0.79336 0 0.608753
    outer loop
      vertex 4.70711 -104.657 11.2929
      vertex 4.86602 -106.332 11.5
      vertex 4.86602 -104.448 11.5
    endloop
  endfacet
  facet normal -0.79336 0 0.608753
    outer loop
      vertex 4.86602 -106.332 11.5
      vertex 4.70711 -104.657 11.2929
      vertex 4.70711 -106.541 11.2929
    endloop
  endfacet
  facet normal -0.79336 0 0.608753
    outer loop
      vertex 4.70711 104.657 11.2929
      vertex 4.86602 106.332 11.5
      vertex 4.70711 106.541 11.2929
    endloop
  endfacet
  facet normal -0.79336 0 0.608753
    outer loop
      vertex 4.86602 106.332 11.5
      vertex 4.70711 104.657 11.2929
      vertex 4.86602 104.448 11.5
    endloop
  endfacet
  facet normal 0.991446 -0 0.13052
    outer loop
      vertex 3 -105.857 12
      vertex 3.03407 -104.23 11.7412
      vertex 3 -103.972 12
    endloop
  endfacet
  facet normal 0.991446 0 0.13052
    outer loop
      vertex 3.03407 -104.23 11.7412
      vertex 3 -105.857 12
      vertex 3.03407 -106.115 11.7412
    endloop
  endfacet
  facet normal 0.991446 0 0.13052
    outer loop
      vertex 3 105.857 12
      vertex 3.03407 104.23 11.7412
      vertex 3.03407 106.115 11.7412
    endloop
  endfacet
  facet normal 0.991446 0 0.13052
    outer loop
      vertex 3.03407 104.23 11.7412
      vertex 3 105.857 12
      vertex 3 103.972 12
    endloop
  endfacet
  facet normal -0.608711 0 0.793392
    outer loop
      vertex 4.5 -104.818 11.134
      vertex 4.70711 -106.541 11.2929
      vertex 4.70711 -104.657 11.2929
    endloop
  endfacet
  facet normal -0.608711 0 0.793392
    outer loop
      vertex 4.70711 -106.541 11.2929
      vertex 4.5 -104.818 11.134
      vertex 4.5 -106.702 11.134
    endloop
  endfacet
  facet normal -0.608711 0 0.793392
    outer loop
      vertex 4.5 104.818 11.134
      vertex 4.70711 106.541 11.2929
      vertex 4.5 106.702 11.134
    endloop
  endfacet
  facet normal -0.608711 0 0.793392
    outer loop
      vertex 4.70711 106.541 11.2929
      vertex 4.5 104.818 11.134
      vertex 4.70711 104.657 11.2929
    endloop
  endfacet
  facet normal 0.382683 0 0.92388
    outer loop
      vertex 3.5 106.715 11.134
      vertex 3.74118 104.928 11.0341
      vertex 3.74118 106.812 11.0341
    endloop
  endfacet
  facet normal 0.382683 0 0.92388
    outer loop
      vertex 3.74118 104.928 11.0341
      vertex 3.5 106.715 11.134
      vertex 3.5 104.831 11.134
    endloop
  endfacet
  facet normal 0.382683 -0 0.92388
    outer loop
      vertex 3.5 -106.715 11.134
      vertex 3.74118 -104.928 11.0341
      vertex 3.5 -104.831 11.134
    endloop
  endfacet
  facet normal 0.382683 0 0.92388
    outer loop
      vertex 3.74118 -104.928 11.0341
      vertex 3.5 -106.715 11.134
      vertex 3.74118 -106.812 11.0341
    endloop
  endfacet
  facet normal -0.991446 0 0.13052
    outer loop
      vertex 4.96593 -104.205 11.7412
      vertex 5 -105.831 12
      vertex 5 -103.946 12
    endloop
  endfacet
  facet normal -0.991446 0 0.13052
    outer loop
      vertex 5 -105.831 12
      vertex 4.96593 -104.205 11.7412
      vertex 4.96593 -106.09 11.7412
    endloop
  endfacet
  facet normal -0.991446 0 0.13052
    outer loop
      vertex 4.96593 104.205 11.7412
      vertex 5 105.831 12
      vertex 4.96593 106.09 11.7412
    endloop
  endfacet
  facet normal -0.991446 0 0.13052
    outer loop
      vertex 5 105.831 12
      vertex 4.96593 104.205 11.7412
      vertex 5 103.946 12
    endloop
  endfacet
  facet normal 0.793341 0 -0.608777
    outer loop
      vertex 3.29289 105.146 12.7071
      vertex 3.13397 103.471 12.5
      vertex 3.13397 105.355 12.5
    endloop
  endfacet
  facet normal 0.793341 0 -0.608777
    outer loop
      vertex 3.13397 103.471 12.5
      vertex 3.29289 105.146 12.7071
      vertex 3.29289 103.262 12.7071
    endloop
  endfacet
  facet normal 0.793341 0 -0.608777
    outer loop
      vertex 3.29289 -105.146 12.7071
      vertex 3.13397 -103.471 12.5
      vertex 3.29289 -103.262 12.7071
    endloop
  endfacet
  facet normal 0.793341 0 -0.608777
    outer loop
      vertex 3.13397 -103.471 12.5
      vertex 3.29289 -105.146 12.7071
      vertex 3.13397 -105.355 12.5
    endloop
  endfacet
  facet normal 0.608711 0 -0.793392
    outer loop
      vertex 3.29289 103.262 12.7071
      vertex 3.5 104.985 12.866
      vertex 3.5 103.1 12.866
    endloop
  endfacet
  facet normal 0.608711 0 -0.793392
    outer loop
      vertex 3.5 104.985 12.866
      vertex 3.29289 103.262 12.7071
      vertex 3.29289 105.146 12.7071
    endloop
  endfacet
  facet normal 0.608711 0 -0.793392
    outer loop
      vertex 3.29289 -103.262 12.7071
      vertex 3.5 -104.985 12.866
      vertex 3.29289 -105.146 12.7071
    endloop
  endfacet
  facet normal 0.608711 0 -0.793392
    outer loop
      vertex 3.5 -104.985 12.866
      vertex 3.29289 -103.262 12.7071
      vertex 3.5 -103.1 12.866
    endloop
  endfacet
  facet normal -0.382683 -0 -0.92388
    outer loop
      vertex 4.25882 104.875 12.9659
      vertex 4.5 103.087 12.866
      vertex 4.25882 102.991 12.9659
    endloop
  endfacet
  facet normal -0.382683 0 -0.92388
    outer loop
      vertex 4.5 103.087 12.866
      vertex 4.25882 104.875 12.9659
      vertex 4.5 104.972 12.866
    endloop
  endfacet
  facet normal -0.382683 0 -0.92388
    outer loop
      vertex 4.25882 -104.875 12.9659
      vertex 4.5 -103.087 12.866
      vertex 4.5 -104.972 12.866
    endloop
  endfacet
  facet normal -0.382683 0 -0.92388
    outer loop
      vertex 4.5 -103.087 12.866
      vertex 4.25882 -104.875 12.9659
      vertex 4.25882 -102.991 12.9659
    endloop
  endfacet
  facet normal 0.130623 0 0.991432
    outer loop
      vertex 3.74118 106.812 11.0341
      vertex 4 104.958 11
      vertex 4 106.843 11
    endloop
  endfacet
  facet normal 0.130623 0 0.991432
    outer loop
      vertex 4 104.958 11
      vertex 3.74118 106.812 11.0341
      vertex 3.74118 104.928 11.0341
    endloop
  endfacet
  facet normal 0.130623 -0 0.991432
    outer loop
      vertex 3.74118 -106.812 11.0341
      vertex 4 -104.958 11
      vertex 3.74118 -104.928 11.0341
    endloop
  endfacet
  facet normal 0.130623 0 0.991432
    outer loop
      vertex 4 -104.958 11
      vertex 3.74118 -106.812 11.0341
      vertex 4 -106.843 11
    endloop
  endfacet
  facet normal -0.130623 0 0.991432
    outer loop
      vertex 4 104.958 11
      vertex 4.25882 106.805 11.0341
      vertex 4 106.843 11
    endloop
  endfacet
  facet normal -0.130623 0 0.991432
    outer loop
      vertex 4.25882 106.805 11.0341
      vertex 4 104.958 11
      vertex 4.25882 104.921 11.0341
    endloop
  endfacet
  facet normal -0.130623 0 0.991432
    outer loop
      vertex 4 -104.958 11
      vertex 4.25882 -106.805 11.0341
      vertex 4.25882 -104.921 11.0341
    endloop
  endfacet
  facet normal -0.130623 0 0.991432
    outer loop
      vertex 4.25882 -106.805 11.0341
      vertex 4 -104.958 11
      vertex 4 -106.843 11
    endloop
  endfacet
  facet normal 0.608711 -0 0.793392
    outer loop
      vertex 3.29289 -106.559 11.2929
      vertex 3.5 -104.831 11.134
      vertex 3.29289 -104.675 11.2929
    endloop
  endfacet
  facet normal 0.608711 0 0.793392
    outer loop
      vertex 3.5 -104.831 11.134
      vertex 3.29289 -106.559 11.2929
      vertex 3.5 -106.715 11.134
    endloop
  endfacet
  facet normal 0.608711 0 0.793392
    outer loop
      vertex 3.29289 106.559 11.2929
      vertex 3.5 104.831 11.134
      vertex 3.5 106.715 11.134
    endloop
  endfacet
  facet normal 0.608711 0 0.793392
    outer loop
      vertex 3.5 104.831 11.134
      vertex 3.29289 106.559 11.2929
      vertex 3.29289 104.675 11.2929
    endloop
  endfacet
  facet normal -0.382683 0 0.92388
    outer loop
      vertex 4.25882 104.921 11.0341
      vertex 4.5 106.702 11.134
      vertex 4.25882 106.805 11.0341
    endloop
  endfacet
  facet normal -0.382683 0 0.92388
    outer loop
      vertex 4.5 106.702 11.134
      vertex 4.25882 104.921 11.0341
      vertex 4.5 104.818 11.134
    endloop
  endfacet
  facet normal -0.382683 0 0.92388
    outer loop
      vertex 4.25882 -104.921 11.0341
      vertex 4.5 -106.702 11.134
      vertex 4.5 -104.818 11.134
    endloop
  endfacet
  facet normal -0.382683 0 0.92388
    outer loop
      vertex 4.5 -106.702 11.134
      vertex 4.25882 -104.921 11.0341
      vertex 4.25882 -106.805 11.0341
    endloop
  endfacet
  facet normal 0.991446 0 -0.13052
    outer loop
      vertex 3.03407 -105.598 12.2588
      vertex 3 -103.972 12
      vertex 3.03407 -103.713 12.2588
    endloop
  endfacet
  facet normal 0.991446 0 -0.13052
    outer loop
      vertex 3 -103.972 12
      vertex 3.03407 -105.598 12.2588
      vertex 3 -105.857 12
    endloop
  endfacet
  facet normal 0.991446 0 -0.13052
    outer loop
      vertex 3.03407 105.598 12.2588
      vertex 3 103.972 12
      vertex 3 105.857 12
    endloop
  endfacet
  facet normal 0.991446 0 -0.13052
    outer loop
      vertex 3 103.972 12
      vertex 3.03407 105.598 12.2588
      vertex 3.03407 103.713 12.2588
    endloop
  endfacet
  facet normal 0.923891 0 -0.382656
    outer loop
      vertex 3.13397 -105.355 12.5
      vertex 3.03407 -103.713 12.2588
      vertex 3.13397 -103.471 12.5
    endloop
  endfacet
  facet normal 0.923891 0 -0.382656
    outer loop
      vertex 3.03407 -103.713 12.2588
      vertex 3.13397 -105.355 12.5
      vertex 3.03407 -105.598 12.2588
    endloop
  endfacet
  facet normal 0.923891 0 -0.382656
    outer loop
      vertex 3.13397 105.355 12.5
      vertex 3.03407 103.713 12.2588
      vertex 3.03407 105.598 12.2588
    endloop
  endfacet
  facet normal 0.923891 0 -0.382656
    outer loop
      vertex 3.03407 103.713 12.2588
      vertex 3.13397 105.355 12.5
      vertex 3.13397 103.471 12.5
    endloop
  endfacet
  facet normal 0.382683 0 -0.92388
    outer loop
      vertex 3.5 103.1 12.866
      vertex 3.74118 104.882 12.9659
      vertex 3.74118 102.997 12.9659
    endloop
  endfacet
  facet normal 0.382683 0 -0.92388
    outer loop
      vertex 3.74118 104.882 12.9659
      vertex 3.5 103.1 12.866
      vertex 3.5 104.985 12.866
    endloop
  endfacet
  facet normal 0.382683 0 -0.92388
    outer loop
      vertex 3.5 -103.1 12.866
      vertex 3.74118 -104.882 12.9659
      vertex 3.5 -104.985 12.866
    endloop
  endfacet
  facet normal 0.382683 0 -0.92388
    outer loop
      vertex 3.74118 -104.882 12.9659
      vertex 3.5 -103.1 12.866
      vertex 3.74118 -102.997 12.9659
    endloop
  endfacet
  facet normal -0.79336 0 -0.608753
    outer loop
      vertex 4.86602 103.448 12.5
      vertex 4.70711 105.128 12.7071
      vertex 4.86602 105.333 12.5
    endloop
  endfacet
  facet normal -0.79336 -0 -0.608753
    outer loop
      vertex 4.70711 105.128 12.7071
      vertex 4.86602 103.448 12.5
      vertex 4.70711 103.244 12.7071
    endloop
  endfacet
  facet normal -0.79336 0 -0.608753
    outer loop
      vertex 4.86602 -103.448 12.5
      vertex 4.70711 -105.128 12.7071
      vertex 4.70711 -103.244 12.7071
    endloop
  endfacet
  facet normal -0.79336 0 -0.608753
    outer loop
      vertex 4.70711 -105.128 12.7071
      vertex 4.86602 -103.448 12.5
      vertex 4.86602 -105.333 12.5
    endloop
  endfacet
  facet normal -0.608711 -0 -0.793392
    outer loop
      vertex 4.5 104.972 12.866
      vertex 4.70711 103.244 12.7071
      vertex 4.5 103.087 12.866
    endloop
  endfacet
  facet normal -0.608711 0 -0.793392
    outer loop
      vertex 4.70711 103.244 12.7071
      vertex 4.5 104.972 12.866
      vertex 4.70711 105.128 12.7071
    endloop
  endfacet
  facet normal -0.608711 0 -0.793392
    outer loop
      vertex 4.5 -104.972 12.866
      vertex 4.70711 -103.244 12.7071
      vertex 4.70711 -105.128 12.7071
    endloop
  endfacet
  facet normal -0.608711 0 -0.793392
    outer loop
      vertex 4.70711 -103.244 12.7071
      vertex 4.5 -104.972 12.866
      vertex 4.5 -103.087 12.866
    endloop
  endfacet
  facet normal -0.923877 0 0.382689
    outer loop
      vertex 4.86602 -104.448 11.5
      vertex 4.96593 -106.09 11.7412
      vertex 4.96593 -104.205 11.7412
    endloop
  endfacet
  facet normal -0.923877 0 0.382689
    outer loop
      vertex 4.96593 -106.09 11.7412
      vertex 4.86602 -104.448 11.5
      vertex 4.86602 -106.332 11.5
    endloop
  endfacet
  facet normal -0.923877 0 0.382689
    outer loop
      vertex 4.86602 104.448 11.5
      vertex 4.96593 106.09 11.7412
      vertex 4.86602 106.332 11.5
    endloop
  endfacet
  facet normal -0.923877 0 0.382689
    outer loop
      vertex 4.96593 106.09 11.7412
      vertex 4.86602 104.448 11.5
      vertex 4.96593 104.205 11.7412
    endloop
  endfacet
  facet normal 0.923891 -0 0.382656
    outer loop
      vertex 3.03407 -106.115 11.7412
      vertex 3.13397 -104.47 11.5
      vertex 3.03407 -104.23 11.7412
    endloop
  endfacet
  facet normal 0.923891 0 0.382656
    outer loop
      vertex 3.13397 -104.47 11.5
      vertex 3.03407 -106.115 11.7412
      vertex 3.13397 -106.354 11.5
    endloop
  endfacet
  facet normal 0.923891 0 0.382656
    outer loop
      vertex 3.03407 106.115 11.7412
      vertex 3.13397 104.47 11.5
      vertex 3.13397 106.354 11.5
    endloop
  endfacet
  facet normal 0.923891 0 0.382656
    outer loop
      vertex 3.13397 104.47 11.5
      vertex 3.03407 106.115 11.7412
      vertex 3.03407 104.23 11.7412
    endloop
  endfacet
endsolid OpenSCAD_Model
